RESPOND_ID,EXAMIN_BEGIN_DE,SEXDSTN_FLAG_CD,AGRDE_FLAG_NM,ANSWRR_OC_AREA_NM,HSHLD_INCOME_DGREE_NM,ALL_TURSM_TOUR_EXPNDTR_INTEN_VALUE,DMSTC_TURSM_TOUR_EXPNDTR_INTEN_VALUE,OVSEA_TURSM_TOUR_EXPNDTR_INTEN_VALUE
53353612,20240722,F,60대,충청북도,300이상500만원 미만,약간 더 많이,약간 더 많이,약간 더 많이
53332722,20240722,F,60대,충청북도,300만원 미만,비슷하게,비슷하게,비슷하게
53361598,20240722,F,60대,충청북도,모름,약간 더 적게,약간 더 많이,비슷하게
53355910,20240722,F,60대,경상남도,500이상700만원 미만,훨씬 더 많이,비슷하게,훨씬 더 많이
53363434,20240722,F,60대,경상남도,300만원 미만,비슷하게,비슷하게,비슷하게
53374826,20240722,F,60대,경상남도,700만원 이상,약간 더 많이,약간 더 많이,약간 더 많이
53332253,20240722,F,60대,경상남도,500이상700만원 미만,비슷하게,비슷하게,비슷하게
427656,20240722,F,60대,경상남도,700만원 이상,약간 더 많이,약간 더 많이,약간 더 많이
53363136,20240722,F,50대,서울특별시,700만원 이상,약간 더 많이,약간 더 많이,약간 더 많이
53369006,20240722,F,50대,서울특별시,700만원 이상,약간 더 많이,약간 더 많이,약간 더 많이
53322654,20240722,F,50대,서울특별시,700만원 이상,비슷하게,비슷하게,약간 더 적게
53354200,20240722,F,50대,서울특별시,500이상700만원 미만,비슷하게,비슷하게,비슷하게
53336646,20240722,F,50대,서울특별시,500이상700만원 미만,약간 더 많이,약간 더 많이,약간 더 많이
53365053,20240722,F,50대,서울특별시,700만원 이상,약간 더 많이,훨씬 더 많이,훨씬 더 많이
53351240,20240722,F,50대,서울특별시,700만원 이상,비슷하게,비슷하게,비슷하게
53351350,20240722,F,50대,서울특별시,500이상700만원 미만,비슷하게,비슷하게,비슷하게
53369123,20240722,F,50대,서울특별시,500이상700만원 미만,약간 더 많이,약간 더 많이,약간 더 많이
53339645,20240722,F,50대,서울특별시,300이상500만원 미만,약간 더 많이,약간 더 많이,약간 더 많이
53323080,20240722,F,50대,서울특별시,700만원 이상,약간 더 많이,약간 더 많이,훨씬 더 많이
53361104,20240722,F,50대,경기도,700만원 이상,비슷하게,비슷하게,비슷하게
53368284,20240722,F,50대,경기도,700만원 이상,약간 더 많이,비슷하게,약간 더 많이
53333256,20240722,F,50대,경기도,700만원 이상,약간 더 적게,비슷하게,비슷하게
53342896,20240722,F,50대,경기도,300이상500만원 미만,비슷하게,비슷하게,비슷하게
53332366,20240722,F,50대,경기도,300이상500만원 미만,약간 더 많이,비슷하게,비슷하게
53355839,20240722,F,50대,경기도,700만원 이상,비슷하게,약간 더 많이,비슷하게
53362413,20240722,F,50대,경기도,300이상500만원 미만,비슷하게,비슷하게,비슷하게
53366167,20240722,F,50대,경기도,500이상700만원 미만,비슷하게,비슷하게,훨씬 더 적게
53356326,20240722,F,50대,경기도,700만원 이상,약간 더 많이,비슷하게,훨씬 더 많이
53351854,20240722,F,50대,경기도,700만원 이상,비슷하게,비슷하게,비슷하게
53361164,20240722,F,50대,경기도,500이상700만원 미만,비슷하게,비슷하게,비슷하게
53368015,20240722,F,50대,경기도,300이상500만원 미만,약간 더 많이,약간 더 많이,비슷하게
53367399,20240722,F,50대,경기도,700만원 이상,약간 더 적게,비슷하게,약간 더 적게
53339224,20240722,F,50대,경기도,700만원 이상,비슷하게,비슷하게,약간 더 많이
53339548,20240722,F,50대,경기도,700만원 이상,약간 더 적게,약간 더 적게,약간 더 적게
53351438,20240722,F,50대,경기도,700만원 이상,약간 더 많이,약간 더 많이,약간 더 많이
53338058,20240722,F,50대,경기도,700만원 이상,비슷하게,약간 더 많이,약간 더 많이
53338514,20240722,F,50대,경기도,300이상500만원 미만,비슷하게,비슷하게,약간 더 많이
53345541,20240722,F,50대,경기도,700만원 이상,비슷하게,비슷하게,비슷하게
53346130,20240722,F,50대,경기도,500이상700만원 미만,약간 더 많이,약간 더 많이,약간 더 많이
53355955,20240722,F,50대,경기도,300만원 미만,비슷하게,비슷하게,비슷하게
53366194,20240722,F,50대,경기도,700만원 이상,약간 더 많이,약간 더 많이,약간 더 적게
53369099,20240722,F,50대,경기도,300만원 미만,훨씬 더 적게,비슷하게,훨씬 더 적게
53344662,20240722,F,50대,경기도,700만원 이상,약간 더 많이,비슷하게,약간 더 많이
53353440,20240722,F,50대,경기도,300이상500만원 미만,비슷하게,비슷하게,비슷하게
53335628,20240722,F,50대,경기도,500이상700만원 미만,훨씬 더 많이,약간 더 많이,훨씬 더 많이
53352120,20240722,F,40대,경기도,500이상700만원 미만,비슷하게,비슷하게,비슷하게
53339050,20240722,F,40대,경기도,500이상700만원 미만,비슷하게,비슷하게,비슷하게
53330730,20240722,F,40대,경기도,모름,비슷하게,비슷하게,비슷하게
53354562,20240722,F,40대,경기도,700만원 이상,비슷하게,비슷하게,비슷하게
53362021,20240722,F,40대,경기도,300이상500만원 미만,약간 더 많이,약간 더 많이,약간 더 많이
53356453,20240722,F,40대,경기도,700만원 이상,약간 더 적게,약간 더 적게,훨씬 더 적게
53339832,20240722,F,40대,경기도,700만원 이상,비슷하게,약간 더 많이,약간 더 많이
53346790,20240722,F,40대,경기도,300이상500만원 미만,비슷하게,비슷하게,비슷하게
53326151,20240722,F,40대,경기도,700만원 이상,비슷하게,약간 더 많이,약간 더 많이
53336613,20240722,F,40대,경기도,500이상700만원 미만,약간 더 적게,약간 더 적게,훨씬 더 적게
53374370,20240722,F,40대,경기도,700만원 이상,비슷하게,비슷하게,비슷하게
53333056,20240722,F,40대,경기도,300이상500만원 미만,약간 더 많이,비슷하게,비슷하게
53338586,20240722,F,40대,경상북도,300이상500만원 미만,비슷하게,비슷하게,비슷하게
53346410,20240722,F,40대,경상북도,500이상700만원 미만,약간 더 적게,약간 더 적게,훨씬 더 적게
53350045,20240722,F,40대,경상북도,700만원 이상,비슷하게,약간 더 적게,약간 더 많이
53364064,20240722,F,40대,경상남도,300이상500만원 미만,약간 더 많이,비슷하게,비슷하게
53359294,20240722,F,40대,경상남도,300만원 미만,약간 더 많이,약간 더 많이,약간 더 많이
53367047,20240722,F,40대,경상남도,700만원 이상,약간 더 적게,약간 더 적게,약간 더 적게
53327524,20240722,F,40대,경상남도,300이상500만원 미만,비슷하게,훨씬 더 많이,약간 더 많이
53358711,20240722,F,40대,경상남도,700만원 이상,약간 더 많이,비슷하게,비슷하게
53334071,20240722,F,30대,경기도,모름,훨씬 더 적게,훨씬 더 적게,훨씬 더 적게
53345432,20240722,F,30대,경기도,300이상500만원 미만,약간 더 많이,훨씬 더 적게,비슷하게
53347597,20240722,F,30대,경기도,500이상700만원 미만,훨씬 더 많이,훨씬 더 적게,훨씬 더 많이
53336687,20240722,F,30대,경기도,300이상500만원 미만,약간 더 적게,훨씬 더 적게,약간 더 적게
53328928,20240722,F,30대,경기도,500이상700만원 미만,약간 더 많이,비슷하게,약간 더 많이
53354719,20240722,F,30대,경기도,700만원 이상,비슷하게,비슷하게,훨씬 더 적게
53363642,20240722,F,30대,경기도,700만원 이상,약간 더 많이,약간 더 많이,약간 더 많이
53371818,20240722,F,30대,경기도,700만원 이상,비슷하게,약간 더 많이,약간 더 많이
53376919,20240722,F,30대,경기도,300이상500만원 미만,약간 더 많이,약간 더 많이,약간 더 많이
53351083,20240722,F,30대,경기도,700만원 이상,약간 더 많이,비슷하게,약간 더 많이
53374319,20240722,F,30대,서울특별시,700만원 이상,약간 더 적게,약간 더 많이,약간 더 적게
53329853,20240722,F,30대,서울특별시,300이상500만원 미만,비슷하게,비슷하게,비슷하게
53333958,20240722,F,30대,서울특별시,700만원 이상,약간 더 적게,비슷하게,약간 더 적게
53324069,20240722,F,30대,서울특별시,모름,약간 더 많이,약간 더 많이,약간 더 많이
53377119,20240722,F,30대,서울특별시,700만원 이상,약간 더 적게,약간 더 많이,약간 더 많이
53353009,20240722,F,30대,서울특별시,700만원 이상,비슷하게,비슷하게,비슷하게
53334375,20240722,F,30대,서울특별시,300이상500만원 미만,약간 더 적게,훨씬 더 적게,훨씬 더 적게
53325625,20240722,F,30대,서울특별시,700만원 이상,비슷하게,약간 더 많이,약간 더 많이
53359966,20240722,F,30대,서울특별시,모름,약간 더 많이,훨씬 더 많이,훨씬 더 많이
53325654,20240722,F,30대,전라북도,모름,비슷하게,비슷하게,비슷하게
53356830,20240722,F,30대,전라북도,모름,비슷하게,비슷하게,비슷하게
53373286,20240722,F,30대,전라북도,300이상500만원 미만,약간 더 많이,약간 더 많이,약간 더 많이
53351946,20240722,F,30대,전라북도,700만원 이상,약간 더 많이,약간 더 많이,훨씬 더 적게
53366794,20240722,F,20대,경기도,700만원 이상,비슷하게,비슷하게,비슷하게
53344985,20240722,F,20대,경기도,700만원 이상,약간 더 많이,약간 더 많이,훨씬 더 많이
53336589,20240722,F,20대,경기도,300이상500만원 미만,약간 더 많이,훨씬 더 적게,약간 더 많이
53331343,20240722,F,20대,경기도,모름,비슷하게,비슷하게,비슷하게
53335557,20240722,F,20대,경기도,모름,약간 더 많이,비슷하게,약간 더 많이
53360262,20240722,F,20대,경기도,300만원 미만,훨씬 더 많이,훨씬 더 많이,훨씬 더 많이
53344067,20240722,F,20대,경기도,300이상500만원 미만,비슷하게,비슷하게,비슷하게
53356694,20240722,F,20대,경기도,700만원 이상,약간 더 많이,약간 더 많이,약간 더 많이
53336832,20240722,F,20대,경기도,500이상700만원 미만,비슷하게,비슷하게,비슷하게
53344183,20240722,F,20대,경기도,300이상500만원 미만,약간 더 많이,훨씬 더 적게,훨씬 더 적게
53354637,20240722,F,20대,서울특별시,300만원 미만,훨씬 더 많이,약간 더 많이,훨씬 더 많이
53349218,20240722,F,20대,서울특별시,모름,훨씬 더 많이,훨씬 더 많이,훨씬 더 많이
53360041,20240722,F,20대,서울특별시,300이상500만원 미만,비슷하게,비슷하게,훨씬 더 많이
53324266,20240722,F,20대,서울특별시,500이상700만원 미만,비슷하게,비슷하게,비슷하게
53329283,20240722,F,20대,서울특별시,700만원 이상,약간 더 적게,약간 더 적게,비슷하게
53342090,20240722,F,20대,서울특별시,500이상700만원 미만,약간 더 적게,비슷하게,훨씬 더 적게
53358397,20240722,F,20대,서울특별시,300만원 미만,비슷하게,비슷하게,비슷하게
53344614,20240722,F,20대,부산광역시,300이상500만원 미만,비슷하게,비슷하게,비슷하게
53337821,20240722,F,20대,부산광역시,300만원 미만,약간 더 많이,비슷하게,비슷하게
53354781,20240722,F,20대,부산광역시,300만원 미만,훨씬 더 많이,훨씬 더 많이,훨씬 더 많이
53366445,20240722,F,20대,인천광역시,300이상500만원 미만,약간 더 많이,훨씬 더 많이,약간 더 많이
53349858,20240722,F,20대,인천광역시,500이상700만원 미만,약간 더 적게,약간 더 적게,훨씬 더 적게
53343768,20240722,F,20대,대전광역시,300이상500만원 미만,비슷하게,비슷하게,비슷하게
53354176,20240722,F,20대,대전광역시,700만원 이상,약간 더 많이,비슷하게,약간 더 많이
53328748,20240722,F,20대,전라북도,300이상500만원 미만,약간 더 적게,비슷하게,약간 더 적게
53357059,20240722,F,20대,전라북도,500이상700만원 미만,훨씬 더 많이,훨씬 더 많이,훨씬 더 많이
53344644,20240722,F,20대,전라북도,700만원 이상,비슷하게,약간 더 많이,약간 더 많이
53345516,20240722,F,20대,전라북도,300만원 미만,비슷하게,약간 더 적게,훨씬 더 많이
53327812,20240722,M,60대,부산광역시,500이상700만원 미만,비슷하게,훨씬 더 적게,비슷하게
53367509,20240722,M,60대,부산광역시,700만원 이상,약간 더 적게,약간 더 많이,약간 더 많이
53332918,20240722,M,60대,부산광역시,700만원 이상,약간 더 많이,약간 더 많이,약간 더 많이
53354037,20240722,M,60대,부산광역시,300만원 미만,약간 더 많이,약간 더 많이,약간 더 많이
53336793,20240722,M,60대,부산광역시,300만원 미만,약간 더 많이,비슷하게,약간 더 많이
53337240,20240722,M,60대,부산광역시,300이상500만원 미만,비슷하게,약간 더 많이,약간 더 많이
53354281,20240722,M,60대,인천광역시,300이상500만원 미만,약간 더 많이,비슷하게,약간 더 많이
53335803,20240722,M,60대,인천광역시,700만원 이상,약간 더 많이,약간 더 많이,약간 더 적게
53345796,20240722,M,60대,인천광역시,500이상700만원 미만,약간 더 적게,약간 더 적게,훨씬 더 적게
53372426,20240722,M,60대,인천광역시,300이상500만원 미만,약간 더 많이,비슷하게,약간 더 많이
53336998,20240722,M,60대,전라남도,500이상700만원 미만,약간 더 적게,약간 더 적게,약간 더 적게
53367765,20240722,M,60대,전라남도,300이상500만원 미만,약간 더 적게,약간 더 적게,약간 더 적게
53335743,20240722,M,60대,전라남도,700만원 이상,비슷하게,비슷하게,비슷하게
53329137,20240722,M,50대,서울특별시,500이상700만원 미만,약간 더 많이,비슷하게,약간 더 많이
53351615,20240722,M,50대,서울특별시,700만원 이상,약간 더 많이,약간 더 많이,약간 더 많이
53334107,20240722,M,50대,서울특별시,700만원 이상,비슷하게,비슷하게,비슷하게
53339333,20240722,M,50대,서울특별시,700만원 이상,약간 더 많이,훨씬 더 많이,약간 더 많이
53324175,20240722,M,50대,서울특별시,700만원 이상,비슷하게,비슷하게,비슷하게
53322446,20240722,M,50대,서울특별시,300만원 미만,약간 더 많이,비슷하게,약간 더 많이
53352341,20240722,M,50대,서울특별시,700만원 이상,비슷하게,비슷하게,비슷하게
53372623,20240722,M,50대,서울특별시,300이상500만원 미만,비슷하게,비슷하게,비슷하게
53336385,20240722,M,50대,서울특별시,500이상700만원 미만,약간 더 많이,약간 더 많이,비슷하게
53341766,20240722,M,50대,대전광역시,700만원 이상,약간 더 적게,약간 더 적게,훨씬 더 적게
53344620,20240722,M,50대,대전광역시,700만원 이상,비슷하게,비슷하게,비슷하게
53344505,20240722,M,50대,충청남도(세종시 포함),500이상700만원 미만,비슷하게,비슷하게,비슷하게
53360932,20240722,M,50대,충청남도(세종시 포함),700만원 이상,비슷하게,비슷하게,비슷하게
53336718,20240722,M,50대,충청남도(세종시 포함),300이상500만원 미만,비슷하게,비슷하게,비슷하게
53368530,20240722,M,50대,충청남도(세종시 포함),500이상700만원 미만,비슷하게,비슷하게,비슷하게
53339762,20240722,M,50대,충청남도(세종시 포함),700만원 이상,훨씬 더 많이,훨씬 더 많이,훨씬 더 많이
53324645,20240722,M,40대,서울특별시,500이상700만원 미만,약간 더 많이,약간 더 많이,약간 더 많이
53322184,20240722,M,40대,서울특별시,700만원 이상,약간 더 많이,비슷하게,약간 더 많이
53361450,20240722,M,40대,서울특별시,500이상700만원 미만,비슷하게,훨씬 더 적게,약간 더 적게
53334824,20240722,M,40대,서울특별시,700만원 이상,약간 더 적게,비슷하게,비슷하게
53341793,20240722,M,40대,서울특별시,300이상500만원 미만,약간 더 많이,비슷하게,약간 더 많이
53375373,20240722,M,40대,서울특별시,700만원 이상,비슷하게,비슷하게,비슷하게
53326639,20240722,M,40대,서울특별시,700만원 이상,약간 더 많이,비슷하게,훨씬 더 많이
53329316,20240722,M,40대,서울특별시,500이상700만원 미만,비슷하게,비슷하게,비슷하게
53349760,20240722,M,40대,서울특별시,300이상500만원 미만,약간 더 많이,비슷하게,약간 더 많이
53363860,20240722,M,40대,서울특별시,500이상700만원 미만,약간 더 적게,약간 더 적게,약간 더 적게
53330103,20240722,M,40대,서울특별시,300만원 미만,비슷하게,비슷하게,비슷하게
53360839,20240722,M,40대,부산광역시,700만원 이상,비슷하게,비슷하게,비슷하게
53359545,20240722,M,40대,부산광역시,300이상500만원 미만,약간 더 적게,약간 더 적게,약간 더 적게
53338320,20240722,M,40대,부산광역시,모름,비슷하게,비슷하게,비슷하게
53350453,20240722,M,40대,인천광역시,700만원 이상,약간 더 많이,약간 더 많이,약간 더 많이
53327136,20240722,M,40대,인천광역시,700만원 이상,훨씬 더 적게,훨씬 더 적게,훨씬 더 적게
53343479,20240722,M,40대,인천광역시,300이상500만원 미만,비슷하게,약간 더 많이,약간 더 많이
53374654,20240722,M,40대,광주광역시,700만원 이상,비슷하게,비슷하게,비슷하게
53356068,20240722,M,40대,광주광역시,700만원 이상,약간 더 적게,훨씬 더 적게,약간 더 적게
53346579,20240722,M,40대,광주광역시,300이상500만원 미만,훨씬 더 적게,훨씬 더 적게,훨씬 더 적게
53346621,20240722,M,40대,울산광역시,300이상500만원 미만,비슷하게,비슷하게,비슷하게
53349736,20240722,M,40대,울산광역시,500이상700만원 미만,비슷하게,비슷하게,비슷하게
53350425,20240722,M,40대,충청북도,500이상700만원 미만,훨씬 더 많이,훨씬 더 적게,훨씬 더 많이
53364482,20240722,M,40대,충청북도,500이상700만원 미만,훨씬 더 적게,훨씬 더 적게,훨씬 더 적게
53338736,20240722,M,40대,경상북도,300만원 미만,비슷하게,약간 더 많이,비슷하게
53355384,20240722,M,40대,경상북도,300이상500만원 미만,비슷하게,비슷하게,비슷하게
53341788,20240722,M,40대,경상북도,300만원 미만,비슷하게,비슷하게,비슷하게
53333557,20240722,M,30대,부산광역시,500이상700만원 미만,비슷하게,약간 더 많이,비슷하게
53346602,20240722,M,30대,부산광역시,300이상500만원 미만,약간 더 적게,비슷하게,약간 더 많이
53331566,20240722,M,30대,부산광역시,700만원 이상,약간 더 많이,비슷하게,약간 더 많이
53361032,20240722,M,30대,부산광역시,500이상700만원 미만,약간 더 많이,약간 더 많이,약간 더 많이
53332821,20240722,M,30대,부산광역시,500이상700만원 미만,훨씬 더 많이,훨씬 더 많이,훨씬 더 많이
53337944,20240722,M,30대,부산광역시,500이상700만원 미만,약간 더 많이,약간 더 많이,훨씬 더 많이
155350,20240722,F,60대,경상북도,700만원 이상,비슷하게,비슷하게,비슷하게
173700,20240722,M,20대,경기도,500이상700만원 미만,훨씬 더 많이,비슷하게,훨씬 더 많이
198916,20240722,M,30대,전라남도,700만원 이상,약간 더 많이,비슷하게,약간 더 많이
223737,20240722,M,30대,경상북도,300이상500만원 미만,비슷하게,약간 더 많이,비슷하게
236565,20240722,M,20대,경기도,500이상700만원 미만,약간 더 적게,약간 더 많이,약간 더 많이
312257,20240722,M,30대,경상남도,300이상500만원 미만,비슷하게,비슷하게,비슷하게
325056,20240722,F,60대,경상북도,500이상700만원 미만,훨씬 더 적게,훨씬 더 적게,훨씬 더 적게
366326,20240722,M,20대,경기도,모름,약간 더 적게,약간 더 많이,약간 더 많이
393542,20240722,M,30대,경상남도,500이상700만원 미만,약간 더 많이,약간 더 많이,약간 더 많이
394187,20240722,M,20대,서울특별시,모름,약간 더 많이,훨씬 더 많이,훨씬 더 많이
396265,20240722,M,30대,경상남도,300만원 미만,약간 더 적게,약간 더 적게,약간 더 적게
401653,20240722,F,60대,경상북도,700만원 이상,비슷하게,약간 더 많이,약간 더 많이
406160,20240722,F,20대,강원도,300이상500만원 미만,약간 더 많이,비슷하게,약간 더 많이
418639,20240722,M,30대,강원도,500이상700만원 미만,비슷하게,약간 더 적게,비슷하게
424573,20240722,M,20대,경기도,모름,비슷하게,비슷하게,비슷하게
428803,20240722,F,20대,경상북도,300이상500만원 미만,약간 더 많이,비슷하게,약간 더 많이
431088,20240722,M,20대,경기도,700만원 이상,비슷하게,비슷하게,약간 더 적게
459901,20240722,M,20대,인천광역시,500이상700만원 미만,약간 더 많이,훨씬 더 많이,훨씬 더 많이
463797,20240722,F,20대,대구광역시,300이상500만원 미만,약간 더 많이,약간 더 많이,약간 더 많이
470227,20240722,M,20대,경기도,300만원 미만,비슷하게,비슷하게,비슷하게
471642,20240722,M,20대,경기도,700만원 이상,비슷하게,비슷하게,비슷하게
475081,20240722,F,20대,경상북도,700만원 이상,비슷하게,훨씬 더 많이,훨씬 더 많이
475526,20240722,M,30대,경상남도,모름,비슷하게,약간 더 많이,약간 더 많이
53322930,20240722,M,60대,서울특별시,300만원 미만,훨씬 더 적게,훨씬 더 적게,훨씬 더 적게
53323753,20240722,F,60대,서울특별시,700만원 이상,비슷하게,훨씬 더 적게,비슷하게
53323841,20240722,M,60대,서울특별시,500이상700만원 미만,비슷하게,약간 더 많이,약간 더 많이
53323931,20240722,F,60대,서울특별시,700만원 이상,비슷하게,약간 더 많이,비슷하게
53324318,20240722,M,60대,서울특별시,700만원 이상,비슷하게,비슷하게,훨씬 더 많이
53324536,20240722,M,20대,서울특별시,모름,약간 더 많이,비슷하게,약간 더 많이
53324910,20240722,M,30대,서울특별시,700만원 이상,약간 더 적게,약간 더 많이,약간 더 많이
53325170,20240722,M,60대,경기도,700만원 이상,약간 더 많이,약간 더 적게,비슷하게
53325371,20240722,F,60대,서울특별시,300이상500만원 미만,약간 더 적게,약간 더 적게,약간 더 적게
53325730,20240722,F,30대,인천광역시,500이상700만원 미만,약간 더 많이,약간 더 많이,약간 더 많이
53325803,20240722,F,40대,서울특별시,700만원 이상,훨씬 더 많이,약간 더 적게,훨씬 더 많이
53325961,20240722,M,60대,경기도,300이상500만원 미만,비슷하게,비슷하게,비슷하게
53325962,20240722,M,50대,경기도,500이상700만원 미만,약간 더 많이,약간 더 많이,훨씬 더 많이
53326001,20240722,F,40대,강원도,모름,비슷하게,비슷하게,비슷하게
53326003,20240722,M,60대,경기도,300이상500만원 미만,훨씬 더 많이,비슷하게,훨씬 더 많이
53326056,20240722,F,40대,충청남도(세종시 포함),700만원 이상,약간 더 많이,훨씬 더 많이,훨씬 더 많이
53326163,20240722,F,60대,서울특별시,500이상700만원 미만,약간 더 많이,약간 더 많이,비슷하게
53326456,20240722,F,30대,인천광역시,300이상500만원 미만,약간 더 많이,약간 더 많이,약간 더 많이
53326500,20240722,M,40대,경기도,300이상500만원 미만,약간 더 많이,비슷하게,약간 더 많이
53326548,20240722,F,60대,인천광역시,700만원 이상,훨씬 더 많이,비슷하게,약간 더 많이
53326630,20240722,M,60대,경상남도,700만원 이상,비슷하게,약간 더 적게,약간 더 적게
53326747,20240722,M,60대,충청남도(세종시 포함),300이상500만원 미만,약간 더 적게,비슷하게,약간 더 적게
53326948,20240722,M,60대,경기도,500이상700만원 미만,약간 더 많이,약간 더 많이,약간 더 많이
53326971,20240722,M,40대,충청남도(세종시 포함),700만원 이상,비슷하게,비슷하게,비슷하게
53327245,20240722,F,60대,대구광역시,500이상700만원 미만,약간 더 적게,약간 더 많이,약간 더 많이
53327334,20240722,M,60대,경기도,300이상500만원 미만,비슷하게,비슷하게,비슷하게
53327451,20240722,M,50대,경상북도,700만원 이상,약간 더 많이,약간 더 많이,약간 더 많이
53327735,20240722,F,50대,부산광역시,700만원 이상,비슷하게,비슷하게,비슷하게
53328104,20240722,F,40대,광주광역시,700만원 이상,약간 더 많이,약간 더 많이,약간 더 많이
53328233,20240722,F,60대,대구광역시,500이상700만원 미만,약간 더 많이,비슷하게,약간 더 많이
53328249,20240722,F,20대,광주광역시,300이상500만원 미만,비슷하게,비슷하게,약간 더 적게
53328292,20240722,F,40대,인천광역시,500이상700만원 미만,훨씬 더 많이,훨씬 더 적게,훨씬 더 많이
53328310,20240722,M,20대,서울특별시,300만원 미만,비슷하게,비슷하게,비슷하게
53328330,20240722,M,50대,강원도,300이상500만원 미만,비슷하게,비슷하게,비슷하게
53328343,20240722,M,40대,경기도,700만원 이상,비슷하게,비슷하게,비슷하게
53328412,20240722,M,60대,서울특별시,300이상500만원 미만,비슷하게,약간 더 적게,약간 더 적게
53328900,20240722,M,50대,충청북도,500이상700만원 미만,약간 더 많이,약간 더 많이,약간 더 많이
53328936,20240722,F,20대,경상북도,300이상500만원 미만,약간 더 많이,비슷하게,약간 더 많이
53329089,20240722,M,50대,전라북도,500이상700만원 미만,비슷하게,훨씬 더 적게,비슷하게
53329105,20240722,M,30대,경기도,300이상500만원 미만,비슷하게,약간 더 많이,약간 더 많이
53329228,20240722,M,50대,광주광역시,700만원 이상,약간 더 많이,약간 더 많이,약간 더 많이
53329939,20240722,M,30대,충청남도(세종시 포함),모름,비슷하게,비슷하게,비슷하게
53329964,20240722,F,60대,대전광역시,300이상500만원 미만,비슷하게,비슷하게,비슷하게
53329970,20240722,F,50대,경상남도,500이상700만원 미만,비슷하게,비슷하게,비슷하게
53330089,20240722,M,20대,충청북도,700만원 이상,약간 더 적게,약간 더 적게,약간 더 적게
53330213,20240722,F,30대,충청남도(세종시 포함),500이상700만원 미만,훨씬 더 적게,비슷하게,약간 더 적게
53330261,20240722,M,50대,경상남도,300이상500만원 미만,훨씬 더 적게,훨씬 더 적게,훨씬 더 적게
53330333,20240722,M,60대,제주도,500이상700만원 미만,약간 더 많이,약간 더 많이,약간 더 많이
53330400,20240722,M,20대,경기도,모름,비슷하게,비슷하게,비슷하게
53330688,20240722,M,20대,대구광역시,300이상500만원 미만,약간 더 많이,약간 더 많이,약간 더 적게
53330694,20240722,F,40대,서울특별시,500이상700만원 미만,약간 더 적게,약간 더 많이,약간 더 적게
53331373,20240722,F,40대,대구광역시,모름,약간 더 많이,비슷하게,약간 더 많이
53331388,20240722,M,30대,경기도,500이상700만원 미만,약간 더 많이,훨씬 더 많이,약간 더 많이
53331740,20240722,M,30대,대구광역시,500이상700만원 미만,약간 더 적게,비슷하게,비슷하게
53331988,20240722,F,60대,부산광역시,모름,약간 더 적게,약간 더 적게,비슷하게
53332184,20240722,M,60대,경기도,700만원 이상,훨씬 더 적게,훨씬 더 많이,훨씬 더 많이
53332231,20240722,M,60대,대전광역시,300이상500만원 미만,약간 더 많이,약간 더 많이,훨씬 더 적게
53332651,20240722,M,50대,전라남도,500이상700만원 미만,훨씬 더 적게,훨씬 더 적게,비슷하게
53332741,20240722,M,50대,경기도,300이상500만원 미만,비슷하게,훨씬 더 적게,약간 더 적게
53332778,20240722,M,60대,경상북도,500이상700만원 미만,약간 더 적게,약간 더 많이,훨씬 더 적게
53333065,20240722,M,20대,부산광역시,500이상700만원 미만,훨씬 더 적게,훨씬 더 적게,훨씬 더 적게
53333189,20240722,M,30대,서울특별시,700만원 이상,비슷하게,훨씬 더 많이,훨씬 더 많이
53333269,20240722,M,50대,울산광역시,300이상500만원 미만,비슷하게,비슷하게,비슷하게
53333317,20240722,F,30대,부산광역시,300만원 미만,훨씬 더 많이,훨씬 더 많이,훨씬 더 많이
53333613,20240722,M,20대,서울특별시,300만원 미만,약간 더 적게,비슷하게,약간 더 많이
53333711,20240722,M,30대,경기도,700만원 이상,약간 더 많이,비슷하게,약간 더 많이
53333806,20240722,M,60대,경상북도,300만원 미만,약간 더 적게,약간 더 적게,약간 더 적게
53333826,20240722,M,20대,서울특별시,300만원 미만,비슷하게,비슷하게,비슷하게
53334096,20240722,M,40대,전라남도,300이상500만원 미만,약간 더 많이,약간 더 많이,약간 더 많이
53334147,20240722,M,60대,강원도,300이상500만원 미만,약간 더 많이,비슷하게,비슷하게
53334383,20240722,F,50대,충청남도(세종시 포함),700만원 이상,약간 더 많이,비슷하게,약간 더 많이
53334412,20240722,F,50대,부산광역시,700만원 이상,훨씬 더 많이,약간 더 많이,약간 더 많이
53334756,20240722,M,20대,광주광역시,300만원 미만,비슷하게,약간 더 많이,약간 더 많이
53334812,20240722,F,30대,충청남도(세종시 포함),모름,비슷하게,비슷하게,비슷하게
53334887,20240722,M,60대,경기도,300이상500만원 미만,비슷하게,비슷하게,비슷하게
53335188,20240722,F,30대,울산광역시,300이상500만원 미만,비슷하게,비슷하게,비슷하게
53335277,20240722,M,60대,경상남도,700만원 이상,약간 더 많이,약간 더 많이,비슷하게
53335474,20240722,M,30대,서울특별시,500이상700만원 미만,비슷하게,비슷하게,비슷하게
53335586,20240722,F,60대,대전광역시,모름,비슷하게,약간 더 많이,비슷하게
53335672,20240722,M,30대,경기도,500이상700만원 미만,약간 더 많이,약간 더 적게,훨씬 더 많이
53335755,20240722,F,40대,강원도,300이상500만원 미만,비슷하게,비슷하게,비슷하게
53335810,20240722,F,60대,경기도,500이상700만원 미만,약간 더 많이,약간 더 많이,약간 더 많이
53336033,20240722,M,20대,인천광역시,300만원 미만,약간 더 적게,약간 더 적게,약간 더 적게
53336035,20240722,F,40대,충청남도(세종시 포함),300만원 미만,비슷하게,비슷하게,비슷하게
53336044,20240722,M,30대,서울특별시,300이상500만원 미만,비슷하게,약간 더 많이,비슷하게
53336290,20240722,F,40대,전라남도,500이상700만원 미만,훨씬 더 적게,훨씬 더 적게,훨씬 더 적게
53336527,20240722,F,40대,대구광역시,500이상700만원 미만,비슷하게,비슷하게,비슷하게
53336566,20240722,F,40대,서울특별시,500이상700만원 미만,약간 더 많이,약간 더 많이,훨씬 더 적게
53336889,20240722,M,50대,대구광역시,500이상700만원 미만,약간 더 많이,비슷하게,약간 더 많이
53337040,20240722,F,40대,서울특별시,700만원 이상,약간 더 많이,훨씬 더 많이,약간 더 많이
53337137,20240722,F,40대,울산광역시,300만원 미만,훨씬 더 적게,훨씬 더 적게,훨씬 더 적게
53337291,20240722,F,30대,충청북도,500이상700만원 미만,비슷하게,비슷하게,비슷하게
53337320,20240722,M,30대,제주도,500이상700만원 미만,약간 더 많이,비슷하게,비슷하게
53337742,20240722,F,50대,충청남도(세종시 포함),300이상500만원 미만,약간 더 많이,훨씬 더 많이,약간 더 많이
53337835,20240722,F,60대,서울특별시,700만원 이상,비슷하게,비슷하게,비슷하게
53337889,20240722,F,60대,경상북도,500이상700만원 미만,훨씬 더 적게,훨씬 더 적게,훨씬 더 적게
53338280,20240722,M,30대,서울특별시,300이상500만원 미만,약간 더 적게,약간 더 많이,비슷하게
53338367,20240722,M,60대,경기도,300이상500만원 미만,약간 더 적게,약간 더 적게,훨씬 더 적게
53338663,20240722,M,40대,강원도,500이상700만원 미만,약간 더 많이,약간 더 많이,비슷하게
53338689,20240722,M,20대,경상북도,300이상500만원 미만,비슷하게,약간 더 많이,비슷하게
53338816,20240722,F,40대,광주광역시,300만원 미만,비슷하게,비슷하게,비슷하게
53339059,20240722,M,60대,대전광역시,500이상700만원 미만,비슷하게,약간 더 많이,약간 더 많이
53339346,20240722,F,20대,충청남도(세종시 포함),300이상500만원 미만,비슷하게,비슷하게,비슷하게
53339503,20240722,F,50대,강원도,500이상700만원 미만,약간 더 많이,약간 더 많이,약간 더 적게
53339516,20240722,M,60대,경상남도,300이상500만원 미만,비슷하게,비슷하게,비슷하게
53339534,20240722,M,20대,인천광역시,300만원 미만,훨씬 더 많이,비슷하게,비슷하게
53339901,20240722,M,60대,울산광역시,700만원 이상,비슷하게,약간 더 많이,약간 더 많이
53340300,20240722,M,40대,대구광역시,700만원 이상,약간 더 적게,약간 더 적게,약간 더 적게
53340859,20240722,F,40대,서울특별시,700만원 이상,약간 더 적게,훨씬 더 많이,훨씬 더 많이
53341323,20240722,F,30대,충청북도,300이상500만원 미만,약간 더 많이,약간 더 많이,훨씬 더 적게
53341369,20240722,F,20대,제주도,700만원 이상,훨씬 더 많이,약간 더 많이,훨씬 더 많이
53341562,20240722,F,40대,전라남도,300이상500만원 미만,비슷하게,비슷하게,훨씬 더 적게
53341796,20240722,M,20대,인천광역시,모름,비슷하게,비슷하게,비슷하게
53341860,20240722,M,60대,경기도,300이상500만원 미만,훨씬 더 적게,훨씬 더 적게,훨씬 더 적게
53341953,20240722,F,40대,충청북도,300이상500만원 미만,비슷하게,약간 더 적게,비슷하게
53342027,20240722,F,30대,대구광역시,700만원 이상,비슷하게,비슷하게,약간 더 많이
53342054,20240722,M,40대,경기도,500이상700만원 미만,훨씬 더 적게,훨씬 더 적게,훨씬 더 적게
53342526,20240722,M,30대,대구광역시,300이상500만원 미만,비슷하게,비슷하게,비슷하게
53342760,20240722,M,30대,경기도,300이상500만원 미만,약간 더 적게,비슷하게,약간 더 적게
53342773,20240722,M,30대,경기도,500이상700만원 미만,약간 더 많이,약간 더 많이,비슷하게
53342977,20240722,M,50대,경기도,500이상700만원 미만,약간 더 많이,비슷하게,약간 더 많이
53343263,20240722,M,20대,서울특별시,모름,약간 더 적게,약간 더 많이,약간 더 적게
53343351,20240722,F,40대,인천광역시,500이상700만원 미만,약간 더 많이,약간 더 많이,약간 더 많이
53343405,20240722,F,30대,대구광역시,700만원 이상,비슷하게,비슷하게,비슷하게
53343480,20240722,F,60대,경기도,300이상500만원 미만,약간 더 많이,약간 더 적게,약간 더 적게
53343951,20240722,F,30대,인천광역시,500이상700만원 미만,약간 더 많이,훨씬 더 많이,약간 더 많이
53343957,20240722,M,50대,경상남도,500이상700만원 미만,비슷하게,비슷하게,비슷하게
53344063,20240722,F,40대,서울특별시,700만원 이상,약간 더 많이,훨씬 더 많이,훨씬 더 많이
53344390,20240722,M,50대,인천광역시,700만원 이상,약간 더 많이,비슷하게,약간 더 많이
53344440,20240722,M,30대,인천광역시,500이상700만원 미만,약간 더 많이,비슷하게,약간 더 많이
53344449,20240722,M,30대,경기도,300이상500만원 미만,약간 더 적게,훨씬 더 적게,훨씬 더 적게
53344474,20240722,M,20대,광주광역시,300이상500만원 미만,훨씬 더 많이,약간 더 많이,훨씬 더 많이
53344612,20240722,M,60대,경기도,300만원 미만,비슷하게,비슷하게,비슷하게
53344638,20240722,F,40대,대구광역시,500이상700만원 미만,비슷하게,훨씬 더 적게,비슷하게
53344823,20240722,F,60대,경기도,300이상500만원 미만,약간 더 적게,약간 더 적게,약간 더 적게
53345408,20240722,M,30대,경기도,700만원 이상,훨씬 더 적게,약간 더 많이,비슷하게
53345442,20240722,F,40대,서울특별시,300이상500만원 미만,약간 더 많이,약간 더 적게,비슷하게
53345766,20240722,F,30대,전라남도,500이상700만원 미만,약간 더 많이,약간 더 많이,훨씬 더 많이
53345966,20240722,M,40대,경기도,700만원 이상,비슷하게,약간 더 많이,약간 더 많이
53346052,20240722,F,60대,대전광역시,500이상700만원 미만,약간 더 많이,비슷하게,약간 더 많이
53346097,20240722,M,40대,대구광역시,500이상700만원 미만,약간 더 많이,비슷하게,훨씬 더 많이
53346690,20240722,F,60대,경기도,300이상500만원 미만,비슷하게,약간 더 많이,비슷하게
53346801,20240722,M,30대,경기도,500이상700만원 미만,약간 더 적게,비슷하게,약간 더 적게
53346834,20240722,F,50대,부산광역시,300만원 미만,약간 더 적게,훨씬 더 적게,약간 더 적게
53347386,20240722,F,60대,충청남도(세종시 포함),700만원 이상,비슷하게,비슷하게,약간 더 많이
53347628,20240722,F,60대,인천광역시,500이상700만원 미만,비슷하게,훨씬 더 적게,비슷하게
53347763,20240722,F,40대,대구광역시,300이상500만원 미만,비슷하게,약간 더 많이,비슷하게
53347868,20240722,F,50대,경상남도,700만원 이상,약간 더 많이,비슷하게,비슷하게
53347907,20240722,F,60대,대전광역시,300이상500만원 미만,비슷하게,비슷하게,약간 더 적게
53347992,20240722,M,50대,경상남도,300이상500만원 미만,약간 더 많이,비슷하게,비슷하게
53348127,20240722,M,20대,대전광역시,500이상700만원 미만,비슷하게,훨씬 더 적게,약간 더 많이
53348203,20240722,M,40대,경기도,700만원 이상,비슷하게,비슷하게,비슷하게
53348327,20240722,M,30대,서울특별시,700만원 이상,약간 더 적게,비슷하게,비슷하게
53348481,20240722,M,40대,경기도,700만원 이상,약간 더 많이,비슷하게,약간 더 많이
53348600,20240722,M,60대,대구광역시,500이상700만원 미만,비슷하게,비슷하게,비슷하게
53348706,20240722,F,50대,인천광역시,300이상500만원 미만,비슷하게,비슷하게,비슷하게
53348747,20240722,F,50대,전라북도,700만원 이상,비슷하게,비슷하게,비슷하게
53348874,20240722,M,40대,경기도,700만원 이상,약간 더 적게,약간 더 적게,약간 더 적게
53349102,20240722,M,20대,부산광역시,700만원 이상,비슷하게,약간 더 많이,약간 더 많이
53349112,20240722,M,30대,전라남도,500이상700만원 미만,비슷하게,비슷하게,비슷하게
53350132,20240722,F,60대,인천광역시,300이상500만원 미만,약간 더 적게,약간 더 많이,약간 더 적게
53350231,20240722,M,40대,전라남도,700만원 이상,비슷하게,비슷하게,비슷하게
53350284,20240722,M,60대,전라북도,300이상500만원 미만,훨씬 더 많이,약간 더 많이,훨씬 더 많이
53350439,20240722,M,50대,강원도,700만원 이상,약간 더 적게,비슷하게,약간 더 적게
53350814,20240722,F,50대,충청북도,300이상500만원 미만,비슷하게,비슷하게,비슷하게
53350886,20240722,M,30대,충청북도,300만원 미만,약간 더 적게,약간 더 적게,훨씬 더 적게
53351047,20240722,M,60대,경상북도,300이상500만원 미만,비슷하게,비슷하게,비슷하게
53351224,20240722,F,40대,울산광역시,700만원 이상,약간 더 많이,훨씬 더 많이,약간 더 많이
53351357,20240722,M,50대,강원도,300이상500만원 미만,훨씬 더 적게,훨씬 더 적게,훨씬 더 적게
53351434,20240722,F,60대,전라북도,700만원 이상,비슷하게,훨씬 더 적게,훨씬 더 적게
53351565,20240722,M,50대,경기도,500이상700만원 미만,비슷하게,약간 더 많이,약간 더 많이
53351666,20240722,M,40대,경기도,500이상700만원 미만,비슷하게,비슷하게,훨씬 더 많이
53352021,20240722,M,30대,경기도,300이상500만원 미만,비슷하게,약간 더 많이,비슷하게
53352329,20240722,F,40대,전라남도,300만원 미만,비슷하게,비슷하게,비슷하게
53352730,20240722,F,20대,경상남도,300만원 미만,비슷하게,약간 더 많이,비슷하게
53353194,20240722,M,60대,경기도,300이상500만원 미만,비슷하게,비슷하게,비슷하게
53353360,20240722,F,50대,제주도,700만원 이상,비슷하게,비슷하게,비슷하게
53353684,20240722,M,40대,강원도,500이상700만원 미만,약간 더 많이,약간 더 적게,약간 더 많이
53353702,20240722,M,60대,대구광역시,700만원 이상,훨씬 더 많이,훨씬 더 많이,훨씬 더 많이
53354298,20240722,M,40대,경기도,300이상500만원 미만,약간 더 많이,약간 더 많이,비슷하게
53354451,20240722,M,40대,대구광역시,300이상500만원 미만,비슷하게,비슷하게,비슷하게
53354498,20240722,F,60대,울산광역시,500이상700만원 미만,비슷하게,비슷하게,비슷하게
53354792,20240722,M,40대,경상남도,300이상500만원 미만,훨씬 더 적게,약간 더 적게,훨씬 더 적게
53354912,20240722,M,50대,경기도,700만원 이상,비슷하게,비슷하게,비슷하게
53354979,20240722,M,20대,경기도,700만원 이상,훨씬 더 많이,훨씬 더 많이,훨씬 더 많이
53355154,20240722,M,20대,서울특별시,300이상500만원 미만,훨씬 더 많이,약간 더 적게,훨씬 더 많이
53355187,20240722,M,20대,서울특별시,700만원 이상,훨씬 더 많이,약간 더 많이,약간 더 많이
53355417,20240722,F,50대,제주도,300이상500만원 미만,비슷하게,비슷하게,비슷하게
53355594,20240722,M,20대,충청남도(세종시 포함),300만원 미만,비슷하게,비슷하게,비슷하게
53355603,20240722,F,30대,경상남도,500이상700만원 미만,비슷하게,비슷하게,비슷하게
53355680,20240722,F,40대,광주광역시,300이상500만원 미만,비슷하게,약간 더 많이,약간 더 많이
53355724,20240722,F,20대,경상북도,모름,약간 더 많이,약간 더 많이,비슷하게
53356558,20240722,M,40대,전라남도,700만원 이상,약간 더 많이,약간 더 많이,비슷하게
53356681,20240722,M,30대,경기도,300이상500만원 미만,약간 더 많이,약간 더 많이,비슷하게
53356842,20240722,F,50대,경상북도,500이상700만원 미만,약간 더 적게,훨씬 더 적게,약간 더 적게
53357169,20240722,M,20대,전라북도,700만원 이상,비슷하게,비슷하게,비슷하게
53357500,20240722,M,60대,서울특별시,700만원 이상,비슷하게,약간 더 많이,약간 더 많이
53357502,20240722,F,40대,부산광역시,300이상500만원 미만,비슷하게,비슷하게,비슷하게
53357935,20240722,M,50대,경기도,300이상500만원 미만,약간 더 많이,비슷하게,약간 더 많이
53358106,20240722,F,30대,대구광역시,300이상500만원 미만,훨씬 더 많이,약간 더 많이,훨씬 더 많이
53358268,20240722,F,50대,광주광역시,500이상700만원 미만,약간 더 많이,약간 더 많이,약간 더 많이
53358297,20240722,M,20대,서울특별시,300이상500만원 미만,비슷하게,비슷하게,비슷하게
53358356,20240722,M,20대,경기도,300만원 미만,비슷하게,비슷하게,비슷하게
53358490,20240722,F,60대,경기도,300만원 미만,비슷하게,비슷하게,비슷하게
53358696,20240722,M,40대,경상남도,300이상500만원 미만,비슷하게,비슷하게,비슷하게
53358988,20240722,F,30대,충청남도(세종시 포함),모름,약간 더 적게,약간 더 많이,비슷하게
53359075,20240722,M,20대,강원도,700만원 이상,비슷하게,비슷하게,비슷하게
53359253,20240722,M,30대,충청북도,300만원 미만,훨씬 더 적게,훨씬 더 적게,훨씬 더 적게
53359355,20240722,F,40대,강원도,500이상700만원 미만,비슷하게,약간 더 적게,비슷하게
53359456,20240722,F,20대,전라남도,모름,약간 더 많이,약간 더 많이,약간 더 많이
53359535,20240722,M,50대,광주광역시,500이상700만원 미만,약간 더 많이,약간 더 많이,훨씬 더 많이
53359720,20240722,M,60대,경기도,500이상700만원 미만,비슷하게,비슷하게,비슷하게
53359738,20240722,M,20대,인천광역시,모름,약간 더 많이,약간 더 많이,약간 더 많이
53359956,20240722,M,50대,전라북도,500이상700만원 미만,비슷하게,약간 더 많이,약간 더 많이
53359999,20240722,M,20대,충청남도(세종시 포함),300이상500만원 미만,비슷하게,훨씬 더 적게,훨씬 더 적게
53360216,20240722,F,50대,제주도,500이상700만원 미만,약간 더 많이,약간 더 많이,훨씬 더 많이
53360381,20240722,M,20대,경기도,300이상500만원 미만,훨씬 더 많이,약간 더 많이,훨씬 더 많이
53360486,20240722,M,50대,부산광역시,300이상500만원 미만,약간 더 적게,훨씬 더 적게,약간 더 적게
53360543,20240722,M,50대,경기도,500이상700만원 미만,비슷하게,비슷하게,비슷하게
53360624,20240722,F,60대,인천광역시,700만원 이상,약간 더 많이,약간 더 많이,약간 더 많이
53360645,20240722,M,50대,경기도,500이상700만원 미만,비슷하게,약간 더 많이,약간 더 많이
53361196,20240722,F,60대,경기도,700만원 이상,약간 더 많이,약간 더 많이,약간 더 많이
53361229,20240722,F,60대,부산광역시,300이상500만원 미만,약간 더 적게,약간 더 적게,훨씬 더 적게
53361232,20240722,M,60대,경기도,300만원 미만,비슷하게,약간 더 많이,약간 더 많이
53361301,20240722,M,40대,경기도,700만원 이상,약간 더 많이,약간 더 적게,비슷하게
53361675,20240722,M,30대,서울특별시,300만원 미만,약간 더 적게,훨씬 더 적게,약간 더 적게
53361919,20240722,M,50대,인천광역시,700만원 이상,약간 더 많이,비슷하게,약간 더 많이
53362353,20240722,M,30대,울산광역시,300만원 미만,비슷하게,비슷하게,비슷하게
53362371,20240722,M,50대,인천광역시,500이상700만원 미만,약간 더 적게,약간 더 적게,비슷하게
53362397,20240722,M,20대,부산광역시,300만원 미만,비슷하게,비슷하게,비슷하게
53362418,20240722,F,60대,부산광역시,300만원 미만,약간 더 많이,약간 더 많이,약간 더 많이
53362427,20240722,F,50대,경상남도,500이상700만원 미만,약간 더 많이,약간 더 많이,약간 더 많이
53362442,20240722,M,60대,경기도,500이상700만원 미만,약간 더 많이,비슷하게,약간 더 많이
53362587,20240722,M,50대,경기도,700만원 이상,약간 더 적게,약간 더 많이,비슷하게
53362886,20240722,M,30대,서울특별시,300만원 미만,약간 더 적게,약간 더 적게,약간 더 적게
53363152,20240722,F,60대,경기도,700만원 이상,약간 더 많이,약간 더 적게,약간 더 많이
53363234,20240722,M,50대,경기도,300이상500만원 미만,약간 더 적게,약간 더 많이,약간 더 많이
53363284,20240722,F,60대,서울특별시,700만원 이상,약간 더 많이,약간 더 많이,약간 더 많이
53363485,20240722,M,50대,광주광역시,700만원 이상,비슷하게,비슷하게,약간 더 적게
53363713,20240722,M,50대,대구광역시,700만원 이상,약간 더 적게,비슷하게,약간 더 적게
53363731,20240722,M,40대,강원도,300이상500만원 미만,비슷하게,비슷하게,비슷하게
53363843,20240722,M,40대,경기도,700만원 이상,약간 더 적게,비슷하게,비슷하게
53364071,20240722,F,60대,경기도,300이상500만원 미만,훨씬 더 적게,훨씬 더 적게,훨씬 더 적게
53364548,20240722,M,30대,경기도,300이상500만원 미만,비슷하게,훨씬 더 적게,약간 더 많이
53364744,20240722,F,30대,경상북도,300이상500만원 미만,약간 더 많이,약간 더 많이,약간 더 적게
53365696,20240722,F,60대,서울특별시,300이상500만원 미만,비슷하게,비슷하게,비슷하게
53366198,20240722,M,50대,경기도,700만원 이상,훨씬 더 많이,약간 더 적게,훨씬 더 많이
53366352,20240722,F,40대,서울특별시,700만원 이상,비슷하게,비슷하게,비슷하게
53366620,20240722,F,40대,서울특별시,500이상700만원 미만,약간 더 많이,약간 더 많이,약간 더 많이
53366799,20240722,F,60대,대전광역시,300만원 미만,약간 더 많이,약간 더 많이,약간 더 많이
53367103,20240722,F,40대,충청남도(세종시 포함),700만원 이상,약간 더 많이,약간 더 많이,약간 더 많이
53367310,20240722,M,50대,경기도,700만원 이상,약간 더 적게,비슷하게,훨씬 더 적게
53367652,20240722,M,20대,인천광역시,700만원 이상,약간 더 적게,약간 더 적게,약간 더 많이
53367774,20240722,F,50대,인천광역시,500이상700만원 미만,약간 더 많이,훨씬 더 적게,약간 더 많이
53367929,20240722,M,40대,경기도,300이상500만원 미만,비슷하게,비슷하게,비슷하게
53368140,20240722,M,50대,경기도,500이상700만원 미만,약간 더 많이,약간 더 많이,비슷하게
53368195,20240722,M,60대,서울특별시,700만원 이상,약간 더 많이,약간 더 많이,약간 더 많이
53368391,20240722,M,30대,경기도,300이상500만원 미만,비슷하게,비슷하게,약간 더 많이
53368617,20240722,F,60대,부산광역시,500이상700만원 미만,약간 더 적게,약간 더 적게,약간 더 적게
53368875,20240722,F,60대,충청남도(세종시 포함),500이상700만원 미만,약간 더 많이,약간 더 많이,약간 더 많이
53368923,20240722,F,60대,서울특별시,300이상500만원 미만,비슷하게,비슷하게,약간 더 많이
53369265,20240722,M,30대,전라남도,300만원 미만,비슷하게,비슷하게,비슷하게
53369765,20240722,F,60대,전라남도,300이상500만원 미만,비슷하게,비슷하게,비슷하게
53369901,20240722,M,30대,대전광역시,300이상500만원 미만,비슷하게,비슷하게,비슷하게
53370557,20240722,M,60대,서울특별시,700만원 이상,훨씬 더 많이,약간 더 많이,약간 더 많이
53370992,20240722,M,50대,경상남도,500이상700만원 미만,비슷하게,약간 더 적게,약간 더 적게
53371055,20240722,M,50대,경상남도,500이상700만원 미만,비슷하게,비슷하게,비슷하게
53371379,20240722,M,20대,서울특별시,700만원 이상,훨씬 더 많이,약간 더 많이,약간 더 많이
53371895,20240722,M,40대,경기도,300만원 미만,비슷하게,비슷하게,훨씬 더 적게
53371971,20240722,M,40대,대구광역시,300이상500만원 미만,훨씬 더 적게,훨씬 더 적게,훨씬 더 적게
53372121,20240722,F,40대,서울특별시,500이상700만원 미만,약간 더 많이,비슷하게,훨씬 더 많이
53372338,20240722,F,50대,충청북도,500이상700만원 미만,약간 더 많이,약간 더 많이,약간 더 많이
53372618,20240722,M,50대,경기도,700만원 이상,훨씬 더 적게,훨씬 더 적게,훨씬 더 적게
53373305,20240722,F,30대,경상남도,500이상700만원 미만,비슷하게,비슷하게,비슷하게
53373364,20240722,F,60대,서울특별시,500이상700만원 미만,약간 더 많이,비슷하게,약간 더 많이
53373424,20240722,F,60대,울산광역시,500이상700만원 미만,비슷하게,약간 더 많이,약간 더 많이
53373440,20240722,M,50대,경기도,700만원 이상,비슷하게,비슷하게,약간 더 많이
53373444,20240722,F,30대,충청남도(세종시 포함),300만원 미만,약간 더 많이,약간 더 많이,약간 더 많이
53373773,20240722,F,40대,서울특별시,500이상700만원 미만,비슷하게,비슷하게,비슷하게
53373894,20240722,M,50대,경기도,700만원 이상,비슷하게,비슷하게,비슷하게
53373983,20240722,M,60대,충청북도,300이상500만원 미만,약간 더 많이,비슷하게,약간 더 많이
53374002,20240722,M,50대,전라북도,500이상700만원 미만,약간 더 적게,약간 더 적게,훨씬 더 적게
53374230,20240722,F,50대,광주광역시,700만원 이상,약간 더 적게,비슷하게,약간 더 적게
53374239,20240722,F,60대,경기도,300이상500만원 미만,약간 더 많이,훨씬 더 많이,약간 더 많이
53374554,20240722,M,40대,대전광역시,300이상500만원 미만,약간 더 적게,약간 더 적게,약간 더 적게
53374581,20240722,F,30대,대구광역시,300이상500만원 미만,비슷하게,비슷하게,비슷하게
53374670,20240722,F,30대,경상북도,300이상500만원 미만,약간 더 많이,비슷하게,약간 더 많이
53374769,20240722,F,60대,부산광역시,500이상700만원 미만,비슷하게,약간 더 많이,약간 더 많이
53374776,20240722,F,50대,경상남도,700만원 이상,약간 더 많이,훨씬 더 많이,훨씬 더 많이
53375000,20240722,M,60대,경상북도,500이상700만원 미만,비슷하게,비슷하게,약간 더 적게
53375038,20240722,M,20대,경기도,700만원 이상,약간 더 많이,비슷하게,비슷하게
53375145,20240722,M,50대,울산광역시,700만원 이상,비슷하게,비슷하게,약간 더 많이
53375451,20240722,M,20대,서울특별시,500이상700만원 미만,비슷하게,비슷하게,비슷하게
53375520,20240722,F,20대,충청남도(세종시 포함),모름,약간 더 적게,훨씬 더 많이,훨씬 더 많이
53375571,20240722,M,20대,서울특별시,300만원 미만,약간 더 많이,비슷하게,약간 더 많이
53376217,20240722,M,20대,충청남도(세종시 포함),700만원 이상,비슷하게,약간 더 적게,약간 더 적게
53376834,20240722,M,30대,서울특별시,300이상500만원 미만,비슷하게,약간 더 많이,약간 더 많이
53377300,20240722,M,50대,전라북도,300이상500만원 미만,비슷하게,비슷하게,비슷하게
53377395,20240722,M,50대,대구광역시,300이상500만원 미만,비슷하게,약간 더 적게,약간 더 적게
