RESPOND_ID,EXAMIN_BEGIN_DE,TOUR_TOT_CT_VALUE,TOUR_LDGMNT_CT_VALUE,TOUR_FOOD_CT_VALUE,TOUR_TRNSPORT_CT_VALUE,TOUR_SHOPNG_CT_VALUE,TOUR_ACTVTY_CT_VALUE,TOUR_ETC_CT_VALUE,TOUR_CTPRVN_NM,TOUR_SIGNGU_NM,TOUR_COM_NMPR_NM,TOUR_PD_VALUE,SEXDSTN_FLAG_CD,AGRDE_FLAG_NM,MRRG_AT_NM,CHLDRN_TY_NM,OCCP_NM,HSHLD_INCOME_DGREE_NM
121770,20240115,10~20만원 미만,5~7만원 미만,7~10만원 미만,5~7만원 미만,1만원 미만,1~3만원 미만,1만원 미만,경상남도,거제시,5명 이상,1박 2일,F,60대 이상,기혼,자녀 독립(막내 결혼),전업주부,500~700만원 미만
325056,20240115,모름,모름,모름,모름,모름,모름,모름,경기도,용인시,2명,1박 2일,F,60대 이상,기타,자녀 독립(막내 결혼),전업주부,500~700만원 미만
331327,20240115,20~30만원 미만,7~10만원 미만,7~10만원 미만,3~5만원 미만,1만원 미만,1~3만원 미만,1~3만원 미만,전라남도,순천시/여수시,4명,1박 2일,F,60대 이상,기타,자녀 독립(막내 결혼),사무/기술직,300만원 미만
35447,20240115,10~20만원 미만,3~5만원 미만,3~5만원 미만,1~3만원 미만,1만원 미만,1~3만원 미만,1만원 미만,경상북도,청도군,3명,1박 2일,F,60대 이상,기혼,자녀 성인(막내 대학),전업주부,300~500만원 미만
368958,20240115,10~20만원 미만,5~7만원 미만,3~5만원 미만,1만원 미만,1만원 미만,1만원 미만,1만원 미만,강원도,원주시,2명,1박 2일,M,20대,미혼,미혼,대학/대학원생,700만원 이상
397032,20240115,20~30만원 미만,7~10만원 미만,7~10만원 미만,5~7만원 미만,1~3만원 미만,1~3만원 미만,1만원 미만,전라남도,신안군,2명,5박 6일,F,60대 이상,기혼,자녀 성인(막내 대학),사무/기술직,500~700만원 미만
402376,20240115,10만원 미만,3~5만원 미만,3~5만원 미만,1~3만원 미만,1만원 미만,1만원 미만,1만원 미만,경기도,화성시,4명,1박 2일,M,20대,미혼,미혼,대학/대학원생,모름
405220,20240115,30~40만원 미만,10만원 이상,5~7만원 미만,10만원 이상,3~5만원 미만,5~7만원 미만,1만원 미만,제주도,서귀포시(시내동)/성산읍/애월읍/우도면/제주시(시내동),3명,3박 4일,F,50대,기혼,자녀 성인(막내 대학),사무/기술직,700만원 이상
414333,20240115,40만원 이상,10만원 이상,10만원 이상,5~7만원 미만,1만원 미만,10만원 이상,1만원 미만,경기도,안산시,혼자서,4박 5일,M,20대,미혼,미혼,대학/대학원생,500~700만원 미만
436102,20240115,모름,모름,모름,모름,모름,모름,모름,서울시,모름,2명,3박 4일,M,20대,미혼,미혼,대학/대학원생,300~500만원 미만
439098,20240115,30~40만원 미만,3~5만원 미만,10만원 이상,1만원 미만,1~3만원 미만,7~10만원 미만,1~3만원 미만,인천시,모름,5명 이상,2박 3일,F,50대,기혼,자녀 성인(막내 대학),사무/기술직,500~700만원 미만
439844,20240115,30~40만원 미만,10만원 이상,7~10만원 미만,5~7만원 미만,3~5만원 미만,1만원 미만,1만원 미만,경상남도,거제시,2명,2박 3일,F,60대 이상,기혼,신혼기(자녀 없음),전업주부,300~500만원 미만
451634,20240115,10만원 미만,3~5만원 미만,1~3만원 미만,1~3만원 미만,1~3만원 미만,1만원 미만,1만원 미만,전라남도,목포시,5명 이상,1박 2일,M,20대,미혼,미혼,기타/무직,300~500만원 미만
454830,20240115,10~20만원 미만,1만원 미만,1~3만원 미만,1~3만원 미만,5~7만원 미만,1만원 미만,1만원 미만,서울시,모름,혼자서,1박 2일,M,20대,미혼,미혼,대학/대학원생,300만원 미만
455801,20240115,모름,모름,모름,모름,모름,모름,모름,서울시,모름,4명,4박 5일,M,20대,기혼,자녀 유아&성장(막내 입학전~초등생),사무/기술직,500~700만원 미만
456994,20240115,30~40만원 미만,5~7만원 미만,5~7만원 미만,5~7만원 미만,10만원 이상,5~7만원 미만,1만원 미만,서울시,모름,3명,3박 4일,M,20대,미혼,미혼,판매/서비스직,500~700만원 미만
458377,20240115,10~20만원 미만,3~5만원 미만,1~3만원 미만,1만원 미만,3~5만원 미만,1만원 미만,1만원 미만,서울시,모름,2명,1박 2일,M,20대,미혼,미혼,대학/대학원생,500~700만원 미만
459319,20240115,10~20만원 미만,3~5만원 미만,5~7만원 미만,1만원 미만,1만원 미만,1만원 미만,1만원 미만,부산시,모름,혼자서,2박 3일,M,20대,미혼,미혼,기타/무직,300~500만원 미만
459615,20240115,모름,모름,모름,모름,모름,모름,모름,강원도,강릉시,4명,1박 2일,M,20대,미혼,미혼,사무/기술직,300~500만원 미만
460186,20240115,40만원 이상,10만원 이상,10만원 이상,10만원 이상,10만원 이상,10만원 이상,1만원 미만,제주도,서귀포시(시내동)/제주시(시내동)/한경면,2명,5박 6일,F,20대,미혼,미혼,대학/대학원생,300~500만원 미만
463916,20240115,10만원 미만,1만원 미만,1~3만원 미만,1~3만원 미만,1~3만원 미만,1~3만원 미만,1~3만원 미만,전라북도,고창군,3명,2박 3일,M,20대,미혼,미혼,대학/대학원생,300만원 미만
463964,20240115,모름,모름,모름,모름,모름,모름,모름,서울시,모름,2명,4박 5일,F,20대,미혼,미혼,대학/대학원생,700만원 이상
467090,20240115,모름,모름,모름,모름,모름,모름,모름,충청남도,천안시,4명,1박 2일,M,20대,미혼,미혼,대학/대학원생,500~700만원 미만
467912,20240115,40만원 이상,10만원 이상,10만원 이상,10만원 이상,10만원 이상,10만원 이상,1만원 미만,충청남도,태안군,2명,1박 2일,M,20대,미혼,미혼,자영업,500~700만원 미만
468171,20240115,20~30만원 미만,10만원 이상,3~5만원 미만,3~5만원 미만,1만원 미만,3~5만원 미만,1만원 미만,경기도,가평군,혼자서,2박 3일,M,20대,미혼,미혼,대학/대학원생,모름
468596,20240115,모름,모름,모름,모름,모름,모름,모름,강원도,강릉시/삼척시,4명,1박 2일,M,20대,미혼,미혼,대학/대학원생,모름
468683,20240115,30~40만원 미만,1만원 미만,10만원 이상,10만원 이상,7~10만원 미만,1만원 미만,1만원 미만,제주도,서귀포시(시내동)/성산읍/안덕면/애월읍,4명,4박 5일,M,20대,미혼,미혼,대학/대학원생,500~700만원 미만
468741,20240115,40만원 이상,5~7만원 미만,5~7만원 미만,3~5만원 미만,10만원 이상,5~7만원 미만,10만원 이상,부산시,모름,5명 이상,4박 5일,M,20대,미혼,미혼,대학/대학원생,300~500만원 미만
468896,20240115,20~30만원 미만,5~7만원 미만,7~10만원 미만,1만원 미만,1~3만원 미만,3~5만원 미만,1만원 미만,부산시,모름,2명,1박 2일,F,20대,미혼,미혼,기타/무직,모름
469184,20240115,10~20만원 미만,5~7만원 미만,3~5만원 미만,1~3만원 미만,1만원 미만,3~5만원 미만,3~5만원 미만,서울시,모름,2명,1박 2일,M,20대,미혼,미혼,대학/대학원생,700만원 이상
48008,20240115,40만원 이상,5~7만원 미만,10만원 이상,5~7만원 미만,5~7만원 미만,5~7만원 미만,10만원 이상,제주도,우도면/제주시(시내동)/조천읍,5명 이상,5박 6일,M,50대,기혼,자녀 성인(막내 대학),사무/기술직,500~700만원 미만
53322296,20240115,40만원 이상,10만원 이상,10만원 이상,10만원 이상,1만원 미만,10만원 이상,1만원 미만,부산시,모름,4명,3박 4일,F,50대,기타,자녀 성인(막내 대학),사무/기술직,500~700만원 미만
53322605,20240115,30~40만원 미만,10만원 이상,10만원 이상,1만원 미만,1만원 미만,1만원 미만,1만원 미만,경기도,가평군,2명,3박 4일,M,50대,기혼,자녀 성인(막내 대학),사무/기술직,500~700만원 미만
53322811,20240115,10~20만원 미만,5~7만원 미만,1~3만원 미만,3~5만원 미만,1만원 미만,1만원 미만,1만원 미만,강원도,인제군,2명,1박 2일,F,30대,미혼,미혼,사무/기술직,700만원 이상
53322984,20240115,30~40만원 미만,1만원 미만,10만원 이상,1만원 미만,1만원 미만,1만원 미만,1만원 미만,충청남도,계룡시/논산시,2명,1박 2일,F,60대 이상,기혼,자녀 독립(막내 결혼),기타/무직,500~700만원 미만
53323685,20240115,10만원 미만,1만원 미만,3~5만원 미만,1~3만원 미만,1만원 미만,1만원 미만,1만원 미만,경기도,양평군,2명,1박 2일,F,30대,미혼,미혼,사무/기술직,모름
53323865,20240115,20~30만원 미만,10만원 이상,7~10만원 미만,3~5만원 미만,1만원 미만,1~3만원 미만,1만원 미만,부산시,모름,5명 이상,2박 3일,M,60대 이상,기혼,자녀 성인(막내 대학),기타/무직,300만원 미만
53324113,20240115,20~30만원 미만,7~10만원 미만,10만원 이상,5~7만원 미만,1만원 미만,1~3만원 미만,1만원 미만,경상북도,경주시,4명,2박 3일,F,50대,기혼,자녀 성인(막내 대학),사무/기술직,700만원 이상
53324203,20240115,40만원 이상,10만원 이상,10만원 이상,7~10만원 미만,1만원 미만,1~3만원 미만,1만원 미만,경상북도,경주시,2명,2박 3일,F,40대,미혼,미혼,경영/관리/전문직,300~500만원 미만
53324257,20240115,40만원 이상,10만원 이상,10만원 이상,10만원 이상,1만원 미만,10만원 이상,1만원 미만,경상북도,포항시,2명,2박 3일,M,50대,기혼,자녀 성인(막내 대학),자영업,500~700만원 미만
53324642,20240115,40만원 이상,10만원 이상,10만원 이상,10만원 이상,1만원 미만,1만원 미만,1만원 미만,전라남도,목포시,2명,2박 3일,M,60대 이상,기혼,자녀 독립(막내 결혼),사무/기술직,500~700만원 미만
53324729,20240115,30~40만원 미만,10만원 이상,1만원 미만,1만원 미만,1만원 미만,10만원 이상,5~7만원 미만,강원도,홍천군,5명 이상,6박 7일 이상,M,60대 이상,기혼,자녀 성인(막내 대학),자영업,300~500만원 미만
53324858,20240115,10~20만원 미만,3~5만원 미만,1~3만원 미만,3~5만원 미만,1만원 미만,1만원 미만,1만원 미만,전라북도,익산시,3명,1박 2일,F,60대 이상,기혼,자녀 성인(막내 대학),전업주부,300만원 미만
53324971,20240115,20~30만원 미만,3~5만원 미만,10만원 이상,7~10만원 미만,1만원 미만,1만원 미만,1만원 미만,제주도,안덕면/애월읍/제주시(시내동),3명,4박 5일,F,50대,기혼,자녀 성장(막내 중고생),전업주부,500~700만원 미만
53325421,20240115,40만원 이상,10만원 이상,7~10만원 미만,7~10만원 미만,1~3만원 미만,1~3만원 미만,10만원 이상,서울시,모름,혼자서,2박 3일,M,20대,미혼,미혼,대학/대학원생,700만원 이상
53325730,20240115,10~20만원 미만,1만원 미만,10만원 이상,3~5만원 미만,1만원 미만,1만원 미만,1만원 미만,대전시,모름,2명,2박 3일,F,30대,미혼,미혼,기능/숙련/일반작업직,300~500만원 미만
53325785,20240115,20~30만원 미만,5~7만원 미만,10만원 이상,1만원 미만,1만원 미만,5~7만원 미만,1만원 미만,전라남도,순천시/여수시,4명,2박 3일,F,60대 이상,기혼,자녀 성인(막내 대학),판매/서비스직,300~500만원 미만
53325910,20240115,20~30만원 미만,10만원 이상,10만원 이상,1만원 미만,1만원 미만,1만원 미만,1만원 미만,인천시,모름,2명,2박 3일,F,20대,미혼,미혼,사무/기술직,300~500만원 미만
53326168,20240115,20~30만원 미만,5~7만원 미만,5~7만원 미만,5~7만원 미만,5~7만원 미만,1만원 미만,1만원 미만,서울시,모름,2명,2박 3일,F,40대,기혼,자녀 성장(막내 중고생),기능/숙련/일반작업직,300~500만원 미만
53326176,20240115,모름,모름,모름,모름,모름,모름,모름,서울시,모름,5명 이상,1박 2일,F,30대,기혼,자녀 유아&성장(막내 입학전~초등생),사무/기술직,500~700만원 미만
53326199,20240115,10~20만원 미만,1만원 미만,5~7만원 미만,1~3만원 미만,3~5만원 미만,1만원 미만,1만원 미만,충청북도,청주시,4명,1박 2일,F,50대,기혼,자녀 성인(막내 대학),전업주부,700만원 이상
53326301,20240115,40만원 이상,10만원 이상,10만원 이상,5~7만원 미만,1만원 미만,1만원 미만,1만원 미만,충청남도,태안군,2명,3박 4일,M,40대,기혼,자녀 성인(막내 대학),사무/기술직,500~700만원 미만
53326306,20240115,10만원 미만,1~3만원 미만,3~5만원 미만,1~3만원 미만,1만원 미만,1만원 미만,1만원 미만,전라남도,고흥군/화순군,5명 이상,1박 2일,M,60대 이상,기혼,자녀 독립(막내 결혼),기능/숙련/일반작업직,500~700만원 미만
53326340,20240115,20~30만원 미만,10만원 이상,7~10만원 미만,1~3만원 미만,1~3만원 미만,1만원 미만,1만원 미만,부산시,모름,혼자서,4박 5일,F,30대,미혼,미혼,기타/무직,700만원 이상
53326576,20240115,10~20만원 미만,3~5만원 미만,7~10만원 미만,7~10만원 미만,1만원 미만,1만원 미만,1만원 미만,강원도,속초시,2명,1박 2일,F,50대,기혼,자녀 성인(막내 대학),전업주부,700만원 이상
53326596,20240115,20~30만원 미만,5~7만원 미만,5~7만원 미만,5~7만원 미만,1만원 미만,5~7만원 미만,1만원 미만,경상남도,사천시/진주시,3명,3박 4일,M,30대,미혼,미혼,사무/기술직,700만원 이상
53326679,20240115,20~30만원 미만,7~10만원 미만,7~10만원 미만,3~5만원 미만,1만원 미만,3~5만원 미만,1만원 미만,강원도,속초시/양양군/홍천군,2명,2박 3일,F,40대,기혼,자녀 유아&성장(막내 입학전~초등생),사무/기술직,700만원 이상
53326779,20240115,40만원 이상,10만원 이상,10만원 이상,10만원 이상,10만원 이상,10만원 이상,1만원 미만,부산시,모름,2명,2박 3일,F,50대,기혼,자녀 성인(막내 대학),사무/기술직,500~700만원 미만
53327051,20240115,20~30만원 미만,10만원 이상,3~5만원 미만,1~3만원 미만,1만원 미만,1만원 미만,1만원 미만,강원도,강릉시,3명,1박 2일,F,50대,기혼,자녀 성인(막내 대학),전업주부,700만원 이상
53327249,20240115,40만원 이상,1만원 미만,10만원 이상,10만원 이상,1만원 미만,1만원 미만,1만원 미만,경기도,양평군,혼자서,3박 4일,M,50대,미혼,미혼,기타/무직,700만원 이상
53327364,20240115,40만원 이상,1만원 미만,10만원 이상,10만원 이상,1만원 미만,1만원 미만,1만원 미만,제주도,애월읍,2명,6박 7일 이상,M,40대,기혼,신혼기(자녀 없음),기능/숙련/일반작업직,300~500만원 미만
53327852,20240115,40만원 이상,10만원 이상,10만원 이상,10만원 이상,10만원 이상,10만원 이상,1만원 미만,제주도,안덕면/애월읍/한경면,5명 이상,4박 5일,F,60대 이상,기혼,자녀 독립(막내 결혼),전업주부,700만원 이상
53328181,20240115,모름,모름,모름,모름,모름,모름,모름,경상남도,거제시/창원시,혼자서,1박 2일,M,60대 이상,기혼,자녀 성인(막내 대학),기능/숙련/일반작업직,모름
53328203,20240115,40만원 이상,7~10만원 미만,10만원 이상,3~5만원 미만,10만원 이상,3~5만원 미만,1만원 미만,강원도,속초시,4명,2박 3일,F,60대 이상,기혼,자녀 독립(막내 결혼),자영업,500~700만원 미만
53328277,20240115,20~30만원 미만,5~7만원 미만,7~10만원 미만,3~5만원 미만,1만원 미만,1~3만원 미만,1~3만원 미만,전라남도,순천시,2명,1박 2일,F,40대,기혼,자녀 성장(막내 중고생),사무/기술직,300만원 미만
53328468,20240115,30~40만원 미만,5~7만원 미만,10만원 이상,3~5만원 미만,1~3만원 미만,10만원 이상,1만원 미만,전라남도,목포시/해남군,4명,1박 2일,M,50대,기혼,자녀 성인(막내 대학),사무/기술직,700만원 이상
53328485,20240115,20~30만원 미만,7~10만원 미만,7~10만원 미만,5~7만원 미만,1만원 미만,1만원 미만,1만원 미만,경기도,남양주시/양주시,혼자서,1박 2일,F,50대,미혼,미혼,기타/무직,300만원 미만
53328602,20240115,30~40만원 미만,1만원 미만,10만원 이상,3~5만원 미만,5~7만원 미만,1만원 미만,1만원 미만,강원도,원주시,2명,4박 5일,F,30대,미혼,미혼,사무/기술직,300~500만원 미만
53328635,20240115,모름,모름,모름,모름,모름,모름,모름,제주도,애월읍,5명 이상,2박 3일,M,40대,기혼,자녀 유아&성장(막내 입학전~초등생),사무/기술직,500~700만원 미만
53328643,20240115,모름,모름,모름,모름,모름,모름,모름,충청남도,천안시,2명,1박 2일,F,30대,미혼,미혼,기타/무직,300만원 미만
53328768,20240115,10만원 미만,3~5만원 미만,1~3만원 미만,1~3만원 미만,1만원 미만,1만원 미만,1만원 미만,전라남도,여수시,모름,1박 2일,F,30대,기혼,자녀 유아&성장(막내 입학전~초등생),사무/기술직,700만원 이상
53328811,20240115,30~40만원 미만,1만원 미만,10만원 이상,5~7만원 미만,10만원 이상,1만원 미만,1만원 미만,경상북도,안동시,혼자서,6박 7일 이상,M,40대,미혼,미혼,판매/서비스직,300만원 미만
53328883,20240115,10~20만원 미만,1만원 미만,1~3만원 미만,1~3만원 미만,1만원 미만,5~7만원 미만,1~3만원 미만,서울시,모름,4명,1박 2일,M,50대,기혼,자녀 성인(막내 대학),사무/기술직,700만원 이상
53329274,20240115,모름,모름,모름,모름,모름,모름,모름,제주도,제주시(시내동),혼자서,1박 2일,F,20대,미혼,미혼,기타/무직,300만원 미만
53330328,20240115,10~20만원 미만,7~10만원 미만,3~5만원 미만,1~3만원 미만,1만원 미만,1~3만원 미만,1만원 미만,경상남도,남해군,4명,1박 2일,F,50대,기혼,자녀 성인(막내 대학),자영업,500~700만원 미만
53330426,20240115,모름,모름,모름,모름,모름,모름,모름,강원도,화천군,5명 이상,1박 2일,F,50대,기혼,자녀 성인(막내 대학),기능/숙련/일반작업직,300만원 미만
53330472,20240115,10~20만원 미만,3~5만원 미만,5~7만원 미만,3~5만원 미만,1~3만원 미만,1~3만원 미만,1만원 미만,강원도,강릉시/양양군,3명,2박 3일,F,30대,기혼,자녀 유아&성장(막내 입학전~초등생),전업주부,300~500만원 미만
53330580,20240115,10~20만원 미만,3~5만원 미만,3~5만원 미만,1~3만원 미만,1만원 미만,1~3만원 미만,1만원 미만,경상남도,진주시,혼자서,1박 2일,F,40대,기혼,자녀 유아&성장(막내 입학전~초등생),사무/기술직,500~700만원 미만
53330957,20240115,10만원 미만,1~3만원 미만,1~3만원 미만,1~3만원 미만,1만원 미만,1~3만원 미만,1만원 미만,경기도,여주시,2명,1박 2일,M,20대,기혼,신혼기(자녀 없음),자영업,500~700만원 미만
53331088,20240115,10~20만원 미만,5~7만원 미만,1~3만원 미만,1~3만원 미만,1만원 미만,1~3만원 미만,1만원 미만,경상남도,창원시,모름,1박 2일,F,40대,기혼,자녀 유아&성장(막내 입학전~초등생),기타/무직,500~700만원 미만
53331154,20240115,10만원 미만,1만원 미만,3~5만원 미만,1~3만원 미만,1만원 미만,1만원 미만,1~3만원 미만,경상남도,진주시,2명,1박 2일,F,20대,미혼,미혼,판매/서비스직,700만원 이상
53331381,20240115,모름,모름,모름,모름,모름,모름,모름,강원도,구체적인 지역 모름,2명,1박 2일,F,20대,미혼,미혼,대학/대학원생,300만원 미만
53331437,20240115,10~20만원 미만,5~7만원 미만,1~3만원 미만,1~3만원 미만,1~3만원 미만,1만원 미만,1만원 미만,경상북도,영덕군,2명,3박 4일,F,60대 이상,기혼,자녀 독립(막내 결혼),전업주부,700만원 이상
53331699,20240115,10~20만원 미만,3~5만원 미만,7~10만원 미만,5~7만원 미만,1만원 미만,1만원 미만,1만원 미만,충청남도,서천군,4명,2박 3일,M,50대,기혼,자녀 성인(막내 대학),사무/기술직,700만원 이상
53332053,20240115,20~30만원 미만,10만원 이상,1~3만원 미만,1~3만원 미만,1만원 미만,1~3만원 미만,1만원 미만,인천시,모름,3명,1박 2일,F,40대,기혼,자녀 유아&성장(막내 입학전~초등생),전업주부,500~700만원 미만
53332091,20240115,30~40만원 미만,10만원 이상,5~7만원 미만,5~7만원 미만,1만원 미만,10만원 이상,1만원 미만,경기도,광주시,2명,2박 3일,M,30대,미혼,미혼,판매/서비스직,300~500만원 미만
53332236,20240115,10~20만원 미만,5~7만원 미만,5~7만원 미만,1만원 미만,1만원 미만,1만원 미만,1만원 미만,강원도,강릉시,2명,1박 2일,F,30대,미혼,미혼,기타/무직,700만원 이상
53332646,20240115,20~30만원 미만,5~7만원 미만,10만원 이상,3~5만원 미만,1만원 미만,1만원 미만,1만원 미만,경상북도,울진군,4명,1박 2일,M,60대 이상,기혼,자녀 성인(막내 대학),기타/무직,500~700만원 미만
53332996,20240115,모름,모름,모름,모름,모름,모름,모름,충청남도,세종특별자치시,2명,1박 2일,F,40대,미혼,미혼,사무/기술직,300만원 미만
53333144,20240115,모름,모름,모름,모름,모름,모름,모름,울산시,모름,3명,1박 2일,F,30대,미혼,미혼,기타/무직,300만원 미만
53334271,20240115,30~40만원 미만,10만원 이상,1만원 미만,10만원 이상,1만원 미만,1만원 미만,1만원 미만,전라남도,목포시,혼자서,6박 7일 이상,M,50대,미혼,미혼,기타/무직,300만원 미만
53334560,20240115,30~40만원 미만,10만원 이상,10만원 이상,1만원 미만,1만원 미만,1만원 미만,1만원 미만,서울시,모름,혼자서,1박 2일,F,40대,미혼,미혼,판매/서비스직,700만원 이상
53334671,20240115,30~40만원 미만,10만원 이상,10만원 이상,1만원 미만,1만원 미만,1만원 미만,1만원 미만,강원도,춘천시/화천군,3명,1박 2일,M,40대,기혼,자녀 유아&성장(막내 입학전~초등생),자영업,500~700만원 미만
53334738,20240115,모름,모름,모름,모름,모름,모름,모름,경상북도,포항시,3명,2박 3일,M,40대,기혼,자녀 유아&성장(막내 입학전~초등생),사무/기술직,300~500만원 미만
53335788,20240115,10~20만원 미만,3~5만원 미만,3~5만원 미만,1~3만원 미만,1만원 미만,3~5만원 미만,1만원 미만,강원도,평창군,5명 이상,1박 2일,M,50대,기혼,자녀 유아&성장(막내 입학전~초등생),자영업,500~700만원 미만
53335928,20240115,20~30만원 미만,5~7만원 미만,10만원 이상,1~3만원 미만,1만원 미만,1만원 미만,1만원 미만,서울시,모름,5명 이상,1박 2일,F,30대,기혼,자녀 유아&성장(막내 입학전~초등생),사무/기술직,700만원 이상
53336160,20240115,10~20만원 미만,3~5만원 미만,3~5만원 미만,1~3만원 미만,1~3만원 미만,1~3만원 미만,1만원 미만,부산시,모름,모름,1박 2일,F,40대,기혼,자녀 유아&성장(막내 입학전~초등생),사무/기술직,500~700만원 미만
53336199,20240115,10~20만원 미만,1만원 미만,7~10만원 미만,1만원 미만,1만원 미만,1~3만원 미만,1만원 미만,전라북도,남원시,2명,1박 2일,F,50대,기혼,자녀 독립(막내 결혼),전업주부,500~700만원 미만
53336255,20240115,모름,모름,모름,모름,모름,모름,모름,부산시,모름,2명,2박 3일,F,40대,기혼,신혼기(자녀 없음),대학/대학원생,700만원 이상
53336312,20240115,모름,모름,모름,모름,모름,모름,모름,전라남도,완도군,2명,1박 2일,F,60대 이상,기혼,자녀 독립(막내 결혼),기능/숙련/일반작업직,300~500만원 미만
53336527,20240115,모름,모름,모름,모름,모름,모름,모름,대구시,모름,4명,2박 3일,F,40대,기혼,자녀 유아&성장(막내 입학전~초등생),전업주부,300~500만원 미만
53336709,20240115,40만원 이상,10만원 이상,10만원 이상,7~10만원 미만,5~7만원 미만,1~3만원 미만,3~5만원 미만,제주도,애월읍/우도면,2명,6박 7일 이상,F,50대,기혼,자녀 성인(막내 대학),전업주부,300~500만원 미만
53336883,20240115,40만원 이상,10만원 이상,10만원 이상,1만원 미만,1만원 미만,10만원 이상,1만원 미만,강원도,동해시/양구군/원주시/정선군/춘천시,2명,1박 2일,M,60대 이상,기혼,자녀 독립(막내 결혼),사무/기술직,500~700만원 미만
53337320,20240115,20~30만원 미만,1만원 미만,10만원 이상,10만원 이상,1만원 미만,1만원 미만,1만원 미만,서울시,모름,2명,2박 3일,M,30대,미혼,미혼,사무/기술직,500~700만원 미만
53337716,20240115,모름,모름,모름,모름,모름,모름,모름,충청남도,태안군,3명,2박 3일,F,50대,미혼,미혼,사무/기술직,500~700만원 미만
53338004,20240115,10~20만원 미만,5~7만원 미만,10만원 이상,3~5만원 미만,1만원 미만,1만원 미만,1만원 미만,서울시,모름,2명,1박 2일,F,50대,미혼,미혼,경영/관리/전문직,700만원 이상
53338160,20240115,10~20만원 미만,1~3만원 미만,1~3만원 미만,7~10만원 미만,1~3만원 미만,3~5만원 미만,1만원 미만,강원도,강릉시,혼자서,1박 2일,M,30대,미혼,미혼,경영/관리/전문직,500~700만원 미만
53338278,20240115,20~30만원 미만,1만원 미만,7~10만원 미만,5~7만원 미만,1~3만원 미만,1~3만원 미만,3~5만원 미만,경상북도,포항시,3명,6박 7일 이상,M,40대,미혼,미혼,사무/기술직,500~700만원 미만
53338430,20240115,30~40만원 미만,1만원 미만,10만원 이상,5~7만원 미만,1만원 미만,10만원 이상,1만원 미만,강원도,강릉시,3명,1박 2일,F,30대,기혼,자녀 유아&성장(막내 입학전~초등생),경영/관리/전문직,300~500만원 미만
53338706,20240115,모름,모름,모름,모름,모름,모름,모름,인천시,모름,4명,1박 2일,F,40대,기혼,자녀 유아&성장(막내 입학전~초등생),사무/기술직,500~700만원 미만
53338950,20240115,10~20만원 미만,1~3만원 미만,3~5만원 미만,1만원 미만,1만원 미만,5~7만원 미만,1만원 미만,충청남도,세종특별자치시,4명,1박 2일,F,40대,미혼,미혼,사무/기술직,300~500만원 미만
53339320,20240115,30~40만원 미만,3~5만원 미만,1~3만원 미만,7~10만원 미만,1만원 미만,10만원 이상,1만원 미만,서울시,모름,2명,1박 2일,F,20대,미혼,미혼,대학/대학원생,700만원 이상
53339359,20240115,모름,모름,모름,모름,모름,모름,모름,충청남도,당진시,5명 이상,1박 2일,M,30대,기혼,자녀 유아&성장(막내 입학전~초등생),사무/기술직,500~700만원 미만
53339603,20240115,40만원 이상,10만원 이상,1만원 미만,10만원 이상,1만원 미만,10만원 이상,1만원 미만,제주도,한림읍,3명,2박 3일,M,60대 이상,기혼,자녀 성인(막내 대학),사무/기술직,700만원 이상
53339608,20240115,40만원 이상,10만원 이상,10만원 이상,10만원 이상,1만원 미만,1만원 미만,1만원 미만,부산시,모름,4명,2박 3일,F,60대 이상,미혼,미혼,기타/무직,500~700만원 미만
53339675,20240115,10만원 미만,1~3만원 미만,3~5만원 미만,1~3만원 미만,1만원 미만,1~3만원 미만,1만원 미만,경상북도,경주시/청도군,5명 이상,2박 3일,M,60대 이상,기혼,자녀 성인(막내 대학),자영업,700만원 이상
53339763,20240115,모름,모름,모름,모름,모름,모름,모름,제주도,서귀포시(시내동),5명 이상,2박 3일,M,50대,기혼,자녀 성장(막내 중고생),사무/기술직,700만원 이상
53339835,20240115,모름,모름,모름,모름,모름,모름,모름,대전시,모름,혼자서,3박 4일,M,30대,미혼,미혼,기타/무직,300만원 미만
53339996,20240115,20~30만원 미만,1만원 미만,10만원 이상,5~7만원 미만,1만원 미만,1만원 미만,1만원 미만,충청남도,예산군,혼자서,모름,M,60대 이상,기혼,자녀 독립(막내 결혼),기타/무직,300~500만원 미만
53340393,20240115,20~30만원 미만,3~5만원 미만,10만원 이상,10만원 이상,1만원 미만,1~3만원 미만,1만원 미만,제주도,제주시(시내동),5명 이상,2박 3일,F,60대 이상,기혼,자녀 독립(막내 결혼),판매/서비스직,500~700만원 미만
53340466,20240115,20~30만원 미만,10만원 이상,10만원 이상,1만원 미만,1만원 미만,5~7만원 미만,1만원 미만,경상북도,영덕군,모름,2박 3일,F,40대,기혼,자녀 유아&성장(막내 입학전~초등생),사무/기술직,300~500만원 미만
53340529,20240115,20~30만원 미만,7~10만원 미만,10만원 이상,3~5만원 미만,1만원 미만,1만원 미만,1만원 미만,강원도,강릉시,2명,1박 2일,M,30대,기혼,신혼기(자녀 없음),사무/기술직,300~500만원 미만
53340564,20240115,30~40만원 미만,10만원 이상,10만원 이상,5~7만원 미만,1만원 미만,1만원 미만,3~5만원 미만,전라남도,목포시,3명,2박 3일,F,40대,기혼,자녀 성인(막내 대학),사무/기술직,700만원 이상
53341133,20240115,20~30만원 미만,7~10만원 미만,10만원 이상,1만원 미만,1~3만원 미만,1만원 미만,1만원 미만,전라남도,여수시,5명 이상,1박 2일,F,50대,기혼,자녀 성인(막내 대학),경영/관리/전문직,500~700만원 미만
53341318,20240115,10만원 미만,1만원 미만,5~7만원 미만,1만원 미만,1만원 미만,1만원 미만,1만원 미만,전라남도,곡성군/구례군,5명 이상,1박 2일,M,60대 이상,기혼,자녀 성인(막내 대학),기타/무직,700만원 이상
53341458,20240115,모름,모름,모름,모름,모름,모름,모름,전라남도,나주시/목포시/신안군/영암군,3명,3박 4일,M,40대,미혼,미혼,기능/숙련/일반작업직,300만원 미만
53341546,20240115,30~40만원 미만,7~10만원 미만,10만원 이상,10만원 이상,1만원 미만,1만원 미만,1~3만원 미만,울산시,모름,혼자서,2박 3일,M,40대,기혼,자녀 유아&성장(막내 입학전~초등생),사무/기술직,300~500만원 미만
53341597,20240115,20~30만원 미만,5~7만원 미만,7~10만원 미만,5~7만원 미만,1만원 미만,1만원 미만,1~3만원 미만,경상북도,포항시,2명,1박 2일,M,60대 이상,기혼,자녀 독립(막내 결혼),기타/무직,500~700만원 미만
53341764,20240115,모름,모름,모름,모름,모름,모름,모름,인천시,모름,4명,1박 2일,F,30대,미혼,미혼,경영/관리/전문직,300~500만원 미만
53341978,20240115,20~30만원 미만,5~7만원 미만,7~10만원 미만,5~7만원 미만,1~3만원 미만,1만원 미만,1만원 미만,충청북도,괴산군,2명,1박 2일,F,50대,기혼,자녀 성인(막내 대학),전업주부,300~500만원 미만
53342301,20240115,10~20만원 미만,5~7만원 미만,1만원 미만,1만원 미만,1만원 미만,5~7만원 미만,1만원 미만,대구시,모름,2명,1박 2일,F,30대,미혼,미혼,사무/기술직,300만원 미만
53342320,20240115,모름,모름,모름,모름,모름,모름,모름,부산시,모름,2명,3박 4일,F,40대,기혼,신혼기(자녀 없음),사무/기술직,700만원 이상
53342378,20240115,40만원 이상,10만원 이상,10만원 이상,10만원 이상,10만원 이상,1만원 미만,1만원 미만,부산시,모름,2명,1박 2일,M,60대 이상,기혼,자녀 성인(막내 대학),경영/관리/전문직,700만원 이상
53342579,20240115,30~40만원 미만,7~10만원 미만,10만원 이상,5~7만원 미만,3~5만원 미만,1~3만원 미만,1만원 미만,부산시,모름,5명 이상,4박 5일,F,30대,기혼,자녀 유아&성장(막내 입학전~초등생),전업주부,500~700만원 미만
53342991,20240115,10~20만원 미만,1만원 미만,7~10만원 미만,1~3만원 미만,1만원 미만,1~3만원 미만,1만원 미만,경상북도,안동시,4명,2박 3일,F,40대,기혼,자녀 성장(막내 중고생),기타/무직,500~700만원 미만
53343043,20240115,20~30만원 미만,1만원 미만,10만원 이상,5~7만원 미만,1만원 미만,1~3만원 미만,1만원 미만,전라남도,담양군,3명,1박 2일,F,40대,기혼,자녀 유아&성장(막내 입학전~초등생),사무/기술직,500~700만원 미만
53343080,20240115,모름,모름,모름,모름,모름,모름,모름,전라북도,군산시,3명,모름,M,40대,미혼,미혼,기능/숙련/일반작업직,500~700만원 미만
53343475,20240115,모름,모름,모름,모름,모름,모름,모름,경상북도,포항시,혼자서,1박 2일,M,30대,미혼,미혼,기타/무직,모름
53343729,20240115,10만원 미만,1~3만원 미만,3~5만원 미만,3~5만원 미만,1~3만원 미만,1~3만원 미만,1만원 미만,충청북도,보은군,5명 이상,2박 3일,M,60대 이상,기혼,자녀 독립(막내 결혼),사무/기술직,500~700만원 미만
53343850,20240115,40만원 이상,10만원 이상,10만원 이상,1~3만원 미만,10만원 이상,10만원 이상,1만원 미만,서울시,모름,3명,2박 3일,F,20대,미혼,미혼,기타/무직,300~500만원 미만
53344078,20240115,10~20만원 미만,3~5만원 미만,3~5만원 미만,1~3만원 미만,1만원 미만,1~3만원 미만,1만원 미만,경상북도,안동시,4명,2박 3일,M,50대,기혼,자녀 성인(막내 대학),자영업,700만원 이상
53344142,20240115,모름,모름,모름,모름,모름,모름,모름,제주도,구좌읍/서귀포시(시내동)/성산읍/안덕면/조천읍/표선면,2명,3박 4일,F,50대,기혼,자녀 성인(막내 대학),전업주부,700만원 이상
53344174,20240115,10만원 미만,1만원 미만,3~5만원 미만,1~3만원 미만,1~3만원 미만,1만원 미만,1만원 미만,경상남도,창원시,3명,6박 7일 이상,F,30대,미혼,미혼,기타/무직,700만원 이상
53344491,20240115,모름,모름,모름,모름,모름,모름,모름,제주도,구좌읍/남원읍/서귀포시(시내동)/조천읍,3명,5박 6일,M,40대,기혼,자녀 성장(막내 중고생),사무/기술직,700만원 이상
53344769,20240115,20~30만원 미만,10만원 이상,1만원 미만,5~7만원 미만,1만원 미만,1만원 미만,1만원 미만,강원도,강릉시,2명,1박 2일,F,20대,미혼,미혼,사무/기술직,500~700만원 미만
53344894,20240115,20~30만원 미만,10만원 이상,5~7만원 미만,5~7만원 미만,1만원 미만,1만원 미만,1만원 미만,강원도,속초시,2명,1박 2일,M,60대 이상,기혼,자녀 성인(막내 대학),기타/무직,700만원 이상
53344902,20240115,10~20만원 미만,1~3만원 미만,1~3만원 미만,1~3만원 미만,1만원 미만,1~3만원 미만,1~3만원 미만,경상북도,경주시,5명 이상,1박 2일,M,40대,기혼,자녀 유아&성장(막내 입학전~초등생),사무/기술직,500~700만원 미만
53345158,20240115,20~30만원 미만,1만원 미만,10만원 이상,10만원 이상,1만원 미만,1만원 미만,1만원 미만,전라남도,진도군,4명,3박 4일,M,50대,기혼,자녀 성장(막내 중고생),사무/기술직,300~500만원 미만
53345415,20240115,10만원 미만,1만원 미만,5~7만원 미만,1만원 미만,1만원 미만,1만원 미만,1만원 미만,강원도,동해시/삼척시/영월군,혼자서,1박 2일,M,40대,미혼,미혼,기능/숙련/일반작업직,300~500만원 미만
53345496,20240115,40만원 이상,10만원 이상,10만원 이상,10만원 이상,1만원 미만,1~3만원 미만,3~5만원 미만,부산시,모름,3명,3박 4일,M,50대,기혼,자녀 성인(막내 대학),사무/기술직,700만원 이상
53345527,20240115,10만원 미만,3~5만원 미만,1~3만원 미만,1만원 미만,1만원 미만,1만원 미만,1만원 미만,강원도,횡성군,5명 이상,1박 2일,F,30대,기혼,신혼기(자녀 없음),전업주부,300~500만원 미만
53345987,20240115,10~20만원 미만,5~7만원 미만,3~5만원 미만,1~3만원 미만,1만원 미만,5~7만원 미만,1만원 미만,충청북도,충주시(구 청원군 포함),5명 이상,1박 2일,F,60대 이상,기혼,자녀 성인(막내 대학),기타/무직,700만원 이상
53346182,20240115,모름,모름,모름,모름,모름,모름,모름,경기도,고양시,혼자서,2박 3일,F,50대,미혼,미혼,자영업,500~700만원 미만
53346199,20240115,10~20만원 미만,1만원 미만,10만원 이상,1만원 미만,1만원 미만,1만원 미만,1만원 미만,전라북도,부안군,혼자서,1박 2일,M,50대,기혼,자녀 성인(막내 대학),기타/무직,모름
53346396,20240115,모름,모름,모름,모름,모름,모름,모름,충청남도,부여군/예산군,2명,1박 2일,M,60대 이상,기혼,자녀 성인(막내 대학),자영업,500~700만원 미만
53346521,20240115,20~30만원 미만,7~10만원 미만,3~5만원 미만,1~3만원 미만,1~3만원 미만,5~7만원 미만,1~3만원 미만,강원도,고성군/속초시,3명,1박 2일,M,50대,기혼,자녀 성인(막내 대학),사무/기술직,500~700만원 미만
53347108,20240115,모름,모름,모름,모름,모름,모름,모름,서울시,모름,2명,1박 2일,M,30대,미혼,미혼,경영/관리/전문직,500~700만원 미만
53347121,20240115,10~20만원 미만,5~7만원 미만,7~10만원 미만,3~5만원 미만,1만원 미만,1만원 미만,1만원 미만,충청남도,보령시,2명,1박 2일,F,50대,기혼,신혼기(자녀 없음),사무/기술직,300~500만원 미만
53347177,20240115,모름,모름,모름,모름,모름,모름,모름,경상남도,거제시/통영시,모름,2박 3일,M,30대,기혼,자녀 유아&성장(막내 입학전~초등생),사무/기술직,500~700만원 미만
53347219,20240115,30~40만원 미만,10만원 이상,10만원 이상,5~7만원 미만,1만원 미만,5~7만원 미만,1만원 미만,강원도,강릉시/속초시,2명,2박 3일,F,40대,기혼,자녀 유아&성장(막내 입학전~초등생),기타/무직,300~500만원 미만
53347221,20240115,10~20만원 미만,5~7만원 미만,3~5만원 미만,1~3만원 미만,1~3만원 미만,1~3만원 미만,1만원 미만,경기도,용인시,4명,1박 2일,M,40대,기혼,자녀 성장(막내 중고생),사무/기술직,300~500만원 미만
53347635,20240115,40만원 이상,10만원 이상,7~10만원 미만,7~10만원 미만,7~10만원 미만,3~5만원 미만,1만원 미만,강원도,홍천군,2명,2박 3일,M,50대,기혼,자녀 성인(막내 대학),경영/관리/전문직,700만원 이상
53347909,20240115,20~30만원 미만,1만원 미만,7~10만원 미만,5~7만원 미만,1만원 미만,1~3만원 미만,5~7만원 미만,강원도,고성군/속초시/인제군,2명,4박 5일,F,60대 이상,기혼,자녀 성인(막내 대학),전업주부,700만원 이상
53348012,20240115,40만원 이상,10만원 이상,10만원 이상,5~7만원 미만,10만원 이상,5~7만원 미만,1만원 미만,제주도,서귀포시(시내동)/조천읍,2명,5박 6일,F,60대 이상,기혼,자녀 독립(막내 결혼),전업주부,300~500만원 미만
53348067,20240115,10~20만원 미만,1만원 미만,7~10만원 미만,3~5만원 미만,3~5만원 미만,1~3만원 미만,1만원 미만,충청북도,충주시(구 청원군 포함),4명,3박 4일,F,60대 이상,미혼,미혼,기타/무직,300~500만원 미만
53348282,20240115,20~30만원 미만,10만원 이상,10만원 이상,1만원 미만,1만원 미만,1만원 미만,1만원 미만,경상북도,경주시,3명,2박 3일,F,20대,미혼,미혼,사무/기술직,300~500만원 미만
53348296,20240115,10~20만원 미만,3~5만원 미만,10만원 이상,1~3만원 미만,1만원 미만,1만원 미만,3~5만원 미만,강원도,속초시,5명 이상,1박 2일,M,60대 이상,기혼,자녀 성인(막내 대학),자영업,700만원 이상
53348381,20240115,모름,모름,모름,모름,모름,모름,모름,부산시,모름,5명 이상,1박 2일,F,40대,미혼,미혼,사무/기술직,300만원 미만
53348481,20240115,모름,모름,모름,모름,모름,모름,모름,전라남도,구례군,5명 이상,1박 2일,M,40대,기혼,자녀 유아&성장(막내 입학전~초등생),자영업,700만원 이상
53348535,20240115,10~20만원 미만,7~10만원 미만,7~10만원 미만,1만원 미만,1만원 미만,1~3만원 미만,1만원 미만,전라남도,순천시,5명 이상,1박 2일,M,60대 이상,기혼,자녀 성인(막내 대학),사무/기술직,500~700만원 미만
53348582,20240115,모름,모름,모름,모름,모름,모름,모름,경상북도,경주시,모름,1박 2일,F,50대,기혼,자녀 성인(막내 대학),사무/기술직,500~700만원 미만
53348617,20240115,모름,모름,모름,모름,모름,모름,모름,부산시,모름,2명,1박 2일,M,30대,미혼,미혼,사무/기술직,500~700만원 미만
53348765,20240115,20~30만원 미만,7~10만원 미만,10만원 이상,7~10만원 미만,1만원 미만,1만원 미만,1만원 미만,강원도,강릉시,4명,1박 2일,M,50대,기혼,자녀 성인(막내 대학),사무/기술직,700만원 이상
53348767,20240115,10~20만원 미만,5~7만원 미만,7~10만원 미만,1만원 미만,1만원 미만,1~3만원 미만,1만원 미만,전라남도,완도군,모름,1박 2일,F,40대,기혼,신혼기(자녀 없음),사무/기술직,700만원 이상
53348850,20240115,10~20만원 미만,1~3만원 미만,3~5만원 미만,1~3만원 미만,1만원 미만,1~3만원 미만,1만원 미만,경기도,용인시,2명,1박 2일,M,40대,기혼,자녀 성장(막내 중고생),사무/기술직,700만원 이상
53348999,20240115,10~20만원 미만,1만원 미만,10만원 이상,1만원 미만,1만원 미만,1만원 미만,1만원 미만,부산시,모름,2명,1박 2일,F,40대,미혼,미혼,사무/기술직,300~500만원 미만
53349131,20240115,30~40만원 미만,10만원 이상,10만원 이상,1만원 미만,1만원 미만,1만원 미만,1만원 미만,부산시,모름,5명 이상,4박 5일,F,20대,미혼,미혼,사무/기술직,300~500만원 미만
53349406,20240115,10~20만원 미만,1만원 미만,1~3만원 미만,1~3만원 미만,5~7만원 미만,1~3만원 미만,1만원 미만,부산시,모름,5명 이상,1박 2일,F,50대,기혼,자녀 성인(막내 대학),전업주부,300~500만원 미만
53349491,20240115,모름,모름,모름,모름,모름,모름,모름,전라남도,구례군,2명,1박 2일,F,30대,기타,신혼기(자녀 없음),경영/관리/전문직,300만원 미만
53349624,20240115,20~30만원 미만,5~7만원 미만,10만원 이상,1~3만원 미만,1만원 미만,5~7만원 미만,1~3만원 미만,강원도,강릉시,2명,2박 3일,F,30대,미혼,미혼,판매/서비스직,500~700만원 미만
53349655,20240115,30~40만원 미만,10만원 이상,1만원 미만,1만원 미만,1만원 미만,1만원 미만,1만원 미만,부산시,모름,5명 이상,1박 2일,F,30대,기혼,자녀 유아&성장(막내 입학전~초등생),사무/기술직,700만원 이상
53349668,20240115,10만원 미만,1만원 미만,5~7만원 미만,1만원 미만,1만원 미만,1만원 미만,1만원 미만,부산시,모름,3명,1박 2일,F,60대 이상,기혼,자녀 성인(막내 대학),전업주부,300만원 미만
53350055,20240115,10~20만원 미만,1~3만원 미만,5~7만원 미만,1~3만원 미만,1만원 미만,1만원 미만,1만원 미만,경상북도,울진군,4명,2박 3일,F,50대,기혼,자녀 독립(막내 결혼),전업주부,300~500만원 미만
53350289,20240115,10~20만원 미만,1~3만원 미만,10만원 이상,1~3만원 미만,1만원 미만,1~3만원 미만,1만원 미만,충청남도,당진시,5명 이상,1박 2일,F,60대 이상,기혼,자녀 성인(막내 대학),전업주부,500~700만원 미만
53350633,20240115,40만원 이상,10만원 이상,10만원 이상,10만원 이상,5~7만원 미만,5~7만원 미만,1만원 미만,경상남도,거제시,2명,2박 3일,M,60대 이상,기혼,자녀 독립(막내 결혼),경영/관리/전문직,700만원 이상
53350772,20240115,10~20만원 미만,5~7만원 미만,5~7만원 미만,3~5만원 미만,1~3만원 미만,1만원 미만,1만원 미만,강원도,강릉시,2명,1박 2일,M,60대 이상,기혼,자녀 성인(막내 대학),기타/무직,300~500만원 미만
53351080,20240115,20~30만원 미만,7~10만원 미만,10만원 이상,1만원 미만,3~5만원 미만,1만원 미만,1만원 미만,강원도,강릉시/속초시,2명,2박 3일,F,50대,기혼,자녀 성인(막내 대학),전업주부,700만원 이상
53351117,20240115,모름,모름,모름,모름,모름,모름,모름,전라북도,고창군/순창군,4명,1박 2일,M,20대,미혼,미혼,사무/기술직,300만원 미만
53351182,20240115,30~40만원 미만,10만원 이상,5~7만원 미만,5~7만원 미만,1만원 미만,10만원 이상,1만원 미만,경기도,용인시,2명,1박 2일,M,30대,기혼,신혼기(자녀 없음),자영업,500~700만원 미만
53351500,20240115,40만원 이상,7~10만원 미만,10만원 이상,7~10만원 미만,1만원 미만,1만원 미만,1만원 미만,서울시,모름,2명,2박 3일,M,40대,미혼,미혼,판매/서비스직,300~500만원 미만
53351536,20240115,10~20만원 미만,1만원 미만,3~5만원 미만,1만원 미만,1만원 미만,7~10만원 미만,1만원 미만,강원도,속초시,4명,1박 2일,M,20대,미혼,미혼,사무/기술직,500~700만원 미만
53351639,20240115,10~20만원 미만,3~5만원 미만,5~7만원 미만,1만원 미만,1만원 미만,7~10만원 미만,1만원 미만,강원도,정선군,5명 이상,2박 3일,M,30대,기타,자녀 유아&성장(막내 입학전~초등생),판매/서비스직,300~500만원 미만
53351676,20240115,모름,모름,모름,모름,모름,모름,모름,강원도,양양군/평창군,2명,1박 2일,F,20대,미혼,미혼,판매/서비스직,500~700만원 미만
53351864,20240115,10~20만원 미만,1만원 미만,5~7만원 미만,7~10만원 미만,1만원 미만,1~3만원 미만,1만원 미만,전라북도,전주시,5명 이상,1박 2일,F,50대,기타,자녀 독립(막내 결혼),사무/기술직,300만원 미만
53351971,20240115,모름,모름,모름,모름,모름,모름,모름,경상북도,경주시,2명,1박 2일,M,30대,미혼,미혼,사무/기술직,300~500만원 미만
53352030,20240115,10~20만원 미만,1만원 미만,3~5만원 미만,3~5만원 미만,1~3만원 미만,1~3만원 미만,1~3만원 미만,강원도,홍천군,5명 이상,1박 2일,M,30대,기혼,자녀 유아&성장(막내 입학전~초등생),사무/기술직,500~700만원 미만
53352491,20240115,20~30만원 미만,10만원 이상,5~7만원 미만,1만원 미만,1만원 미만,5~7만원 미만,1만원 미만,경상북도,경주시,4명,2박 3일,M,50대,기혼,자녀 성인(막내 대학),사무/기술직,500~700만원 미만
53352696,20240115,20~30만원 미만,1만원 미만,5~7만원 미만,7~10만원 미만,3~5만원 미만,3~5만원 미만,1~3만원 미만,인천시,모름,2명,3박 4일,F,60대 이상,미혼,미혼,기타/무직,300~500만원 미만
53352833,20240115,10~20만원 미만,1~3만원 미만,1~3만원 미만,1~3만원 미만,1~3만원 미만,1~3만원 미만,1만원 미만,대전시,모름,2명,1박 2일,F,20대,기혼,신혼기(자녀 없음),자영업,300~500만원 미만
53352961,20240115,40만원 이상,10만원 이상,5~7만원 미만,10만원 이상,5~7만원 미만,5~7만원 미만,1만원 미만,전라남도,순천시/여수시,2명,2박 3일,M,60대 이상,기혼,자녀 독립(막내 결혼),경영/관리/전문직,300~500만원 미만
53353009,20240115,10~20만원 미만,3~5만원 미만,3~5만원 미만,1~3만원 미만,1만원 미만,3~5만원 미만,1만원 미만,인천시,모름,4명,1박 2일,F,30대,기혼,자녀 유아&성장(막내 입학전~초등생),사무/기술직,700만원 이상
53353138,20240115,20~30만원 미만,5~7만원 미만,5~7만원 미만,10만원 이상,1~3만원 미만,1만원 미만,1만원 미만,경상북도,포항시,혼자서,1박 2일,F,40대,미혼,미혼,전업주부,500~700만원 미만
53353154,20240115,10~20만원 미만,7~10만원 미만,3~5만원 미만,1~3만원 미만,1만원 미만,3~5만원 미만,1만원 미만,경기도,이천시,3명,1박 2일,M,50대,기혼,자녀 유아&성장(막내 입학전~초등생),사무/기술직,700만원 이상
53353288,20240115,10~20만원 미만,3~5만원 미만,5~7만원 미만,3~5만원 미만,1~3만원 미만,3~5만원 미만,1만원 미만,강원도,삼척시,5명 이상,1박 2일,M,40대,기혼,자녀 유아&성장(막내 입학전~초등생),사무/기술직,300~500만원 미만
53353303,20240115,모름,모름,모름,모름,모름,모름,모름,충청남도,천안시,4명,2박 3일,M,30대,기혼,자녀 유아&성장(막내 입학전~초등생),사무/기술직,300~500만원 미만
53353352,20240115,10만원 미만,1만원 미만,3~5만원 미만,1~3만원 미만,1만원 미만,1만원 미만,1만원 미만,충청남도,공주시,2명,2박 3일,F,60대 이상,기혼,자녀 성인(막내 대학),자영업,300~500만원 미만
53353360,20240115,30~40만원 미만,5~7만원 미만,7~10만원 미만,10만원 이상,5~7만원 미만,1만원 미만,1만원 미만,경상남도,거제시/김해시/사천시,5명 이상,1박 2일,F,50대,기혼,자녀 성인(막내 대학),자영업,700만원 이상
53353574,20240115,10~20만원 미만,1~3만원 미만,5~7만원 미만,5~7만원 미만,3~5만원 미만,1만원 미만,1만원 미만,강원도,태백시,2명,1박 2일,F,50대,기혼,자녀 성인(막내 대학),사무/기술직,700만원 이상
53353684,20240115,10~20만원 미만,5~7만원 미만,3~5만원 미만,1~3만원 미만,3~5만원 미만,1~3만원 미만,1만원 미만,서울시,모름,4명,1박 2일,M,40대,기혼,자녀 유아&성장(막내 입학전~초등생),사무/기술직,500~700만원 미만
53353901,20240115,10만원 미만,1만원 미만,1~3만원 미만,5~7만원 미만,1만원 미만,1만원 미만,1만원 미만,전라북도,고창군,2명,3박 4일,M,60대 이상,기혼,자녀 독립(막내 결혼),기타/무직,500~700만원 미만
53354641,20240115,40만원 이상,10만원 이상,10만원 이상,10만원 이상,1만원 미만,1만원 미만,1만원 미만,부산시,모름,3명,1박 2일,F,30대,기혼,자녀 유아&성장(막내 입학전~초등생),전업주부,300~500만원 미만
53355003,20240115,20~30만원 미만,3~5만원 미만,3~5만원 미만,10만원 이상,1만원 미만,3~5만원 미만,1만원 미만,경상북도,경주시,2명,1박 2일,F,20대,미혼,미혼,판매/서비스직,500~700만원 미만
53355042,20240115,30~40만원 미만,10만원 이상,5~7만원 미만,5~7만원 미만,1만원 미만,10만원 이상,1만원 미만,강원도,홍천군,2명,1박 2일,M,20대,미혼,미혼,대학/대학원생,700만원 이상
53355600,20240115,40만원 이상,10만원 이상,10만원 이상,10만원 이상,1만원 미만,1만원 미만,1만원 미만,제주도,구체적인 지역 모름,모름,2박 3일,F,30대,기혼,자녀 유아&성장(막내 입학전~초등생),사무/기술직,300만원 미만
53355972,20240115,20~30만원 미만,5~7만원 미만,5~7만원 미만,3~5만원 미만,1~3만원 미만,1만원 미만,5~7만원 미만,경기도,용인시,2명,1박 2일,M,50대,기혼,자녀 독립(막내 결혼),기능/숙련/일반작업직,500~700만원 미만
53356160,20240115,10만원 미만,3~5만원 미만,1~3만원 미만,1~3만원 미만,1만원 미만,1만원 미만,1만원 미만,부산시,모름,5명 이상,1박 2일,F,20대,미혼,미혼,사무/기술직,300만원 미만
53356580,20240115,10~20만원 미만,10만원 이상,1만원 미만,1만원 미만,1만원 미만,1만원 미만,1만원 미만,강원도,속초시,2명,2박 3일,M,50대,기혼,자녀 성인(막내 대학),자영업,모름
53356685,20240115,30~40만원 미만,1만원 미만,10만원 이상,3~5만원 미만,7~10만원 미만,10만원 이상,1만원 미만,서울시,모름,2명,1박 2일,F,50대,기혼,자녀 성인(막내 대학),전업주부,700만원 이상
53356778,20240115,20~30만원 미만,5~7만원 미만,3~5만원 미만,3~5만원 미만,1만원 미만,7~10만원 미만,1만원 미만,인천시,모름,2명,1박 2일,F,30대,미혼,미혼,사무/기술직,700만원 이상
53356789,20240115,10~20만원 미만,3~5만원 미만,5~7만원 미만,1만원 미만,1만원 미만,1~3만원 미만,1만원 미만,경상북도,경주시,2명,1박 2일,F,20대,미혼,미혼,사무/기술직,300~500만원 미만
53357235,20240115,10만원 미만,5~7만원 미만,1~3만원 미만,1만원 미만,1~3만원 미만,1만원 미만,1만원 미만,인천시,모름,4명,1박 2일,F,40대,기혼,자녀 유아&성장(막내 입학전~초등생),전업주부,500~700만원 미만
53357550,20240115,20~30만원 미만,7~10만원 미만,3~5만원 미만,3~5만원 미만,3~5만원 미만,3~5만원 미만,1만원 미만,부산시,모름,2명,1박 2일,M,50대,기혼,자녀 성장(막내 중고생),사무/기술직,500~700만원 미만
53357709,20240115,30~40만원 미만,3~5만원 미만,7~10만원 미만,1~3만원 미만,1~3만원 미만,10만원 이상,1만원 미만,서울시,모름,3명,1박 2일,F,20대,미혼,미혼,사무/기술직,700만원 이상
53357875,20240115,10만원 미만,1만원 미만,1~3만원 미만,1~3만원 미만,1~3만원 미만,1~3만원 미만,1만원 미만,부산시,모름,4명,1박 2일,F,30대,기혼,자녀 유아&성장(막내 입학전~초등생),사무/기술직,700만원 이상
53358018,20240115,모름,모름,모름,모름,모름,모름,모름,경기도,구리시/화성시,2명,6박 7일 이상,F,60대 이상,기혼,자녀 성인(막내 대학),사무/기술직,300~500만원 미만
53358106,20240115,10~20만원 미만,5~7만원 미만,3~5만원 미만,1~3만원 미만,1만원 미만,1만원 미만,1만원 미만,경상북도,청송군,2명,1박 2일,F,30대,미혼,미혼,사무/기술직,300~500만원 미만
53358182,20240115,40만원 이상,10만원 이상,10만원 이상,10만원 이상,10만원 이상,10만원 이상,1만원 미만,대구시,모름,5명 이상,3박 4일,M,50대,기혼,자녀 성장(막내 중고생),경영/관리/전문직,700만원 이상
53358454,20240115,10만원 미만,1만원 미만,1~3만원 미만,3~5만원 미만,1~3만원 미만,1~3만원 미만,1만원 미만,광주시,모름,혼자서,1박 2일,F,60대 이상,기혼,자녀 독립(막내 결혼),전업주부,500~700만원 미만
53358492,20240115,40만원 이상,5~7만원 미만,10만원 이상,5~7만원 미만,5~7만원 미만,10만원 이상,1만원 미만,강원도,강릉시,2명,5박 6일,F,30대,미혼,미혼,판매/서비스직,700만원 이상
53358578,20240115,20~30만원 미만,7~10만원 미만,7~10만원 미만,3~5만원 미만,1만원 미만,1만원 미만,1만원 미만,경상남도,사천시,3명,1박 2일,M,50대,기혼,자녀 성인(막내 대학),사무/기술직,500~700만원 미만
53358662,20240115,10만원 미만,1만원 미만,3~5만원 미만,1만원 미만,1만원 미만,1~3만원 미만,1만원 미만,강원도,평창군,4명,1박 2일,M,40대,기혼,자녀 유아&성장(막내 입학전~초등생),기능/숙련/일반작업직,500~700만원 미만
53358733,20240115,20~30만원 미만,5~7만원 미만,10만원 이상,3~5만원 미만,1~3만원 미만,1~3만원 미만,1만원 미만,강원도,춘천시,혼자서,1박 2일,M,40대,미혼,미혼,사무/기술직,300만원 미만
53359135,20240115,10~20만원 미만,5~7만원 미만,3~5만원 미만,1~3만원 미만,1만원 미만,1~3만원 미만,1만원 미만,경상남도,산청군,5명 이상,1박 2일,M,40대,기혼,자녀 유아&성장(막내 입학전~초등생),사무/기술직,300~500만원 미만
53359486,20240115,10~20만원 미만,1~3만원 미만,7~10만원 미만,1만원 미만,1만원 미만,1만원 미만,1만원 미만,강원도,속초시,4명,1박 2일,F,40대,기혼,자녀 유아&성장(막내 입학전~초등생),판매/서비스직,700만원 이상
53359547,20240115,10~20만원 미만,7~10만원 미만,5~7만원 미만,1~3만원 미만,1만원 미만,1만원 미만,1만원 미만,강원도,강릉시,2명,1박 2일,M,30대,기혼,신혼기(자녀 없음),사무/기술직,700만원 이상
53359554,20240115,20~30만원 미만,7~10만원 미만,7~10만원 미만,5~7만원 미만,1만원 미만,1~3만원 미만,1만원 미만,대전시,모름,2명,1박 2일,M,50대,기혼,자녀 성인(막내 대학),기타/무직,300~500만원 미만
53359605,20240115,10만원 미만,1만원 미만,3~5만원 미만,1만원 미만,1만원 미만,1~3만원 미만,1~3만원 미만,충청남도,보령시,2명,2박 3일,M,40대,기혼,자녀 성장(막내 중고생),사무/기술직,500~700만원 미만
53360058,20240115,10~20만원 미만,1~3만원 미만,10만원 이상,1~3만원 미만,1만원 미만,1~3만원 미만,1만원 미만,강원도,홍천군,4명,2박 3일,F,40대,기혼,자녀 성장(막내 중고생),기능/숙련/일반작업직,700만원 이상
53360098,20240115,40만원 이상,10만원 이상,10만원 이상,10만원 이상,1만원 미만,1만원 미만,1만원 미만,부산시,모름,4명,2박 3일,F,50대,기혼,자녀 성인(막내 대학),전업주부,700만원 이상
53360717,20240115,30~40만원 미만,7~10만원 미만,10만원 이상,1~3만원 미만,3~5만원 미만,5~7만원 미만,3~5만원 미만,대구시,모름,4명,1박 2일,M,40대,기혼,자녀 성장(막내 중고생),경영/관리/전문직,700만원 이상
53360862,20240115,모름,모름,모름,모름,모름,모름,모름,강원도,강릉시/평창군/횡성군,2명,6박 7일 이상,M,60대 이상,기혼,자녀 독립(막내 결혼),자영업,700만원 이상
53361049,20240115,모름,모름,모름,모름,모름,모름,모름,서울시,모름,3명,1박 2일,M,40대,기혼,자녀 유아&성장(막내 입학전~초등생),사무/기술직,500~700만원 미만
53361267,20240115,모름,모름,모름,모름,모름,모름,모름,충청북도,충주시(구 청원군 포함),5명 이상,1박 2일,F,60대 이상,기혼,자녀 독립(막내 결혼),전업주부,300만원 미만
53361462,20240115,20~30만원 미만,7~10만원 미만,10만원 이상,1~3만원 미만,1만원 미만,1만원 미만,1만원 미만,서울시,모름,혼자서,1박 2일,M,30대,미혼,미혼,사무/기술직,300~500만원 미만
53361597,20240115,10~20만원 미만,3~5만원 미만,3~5만원 미만,1~3만원 미만,1만원 미만,3~5만원 미만,1만원 미만,경상남도,거제시,5명 이상,1박 2일,F,30대,기혼,자녀 유아&성장(막내 입학전~초등생),사무/기술직,700만원 이상
53361608,20240115,모름,모름,모름,모름,모름,모름,모름,경기도,구체적인 지역 모름,5명 이상,1박 2일,F,60대 이상,기혼,자녀 독립(막내 결혼),전업주부,300~500만원 미만
53361919,20240115,20~30만원 미만,5~7만원 미만,7~10만원 미만,5~7만원 미만,1만원 미만,1~3만원 미만,1만원 미만,강원도,속초시/양양군,2명,1박 2일,M,50대,기혼,자녀 성인(막내 대학),사무/기술직,700만원 이상
53361998,20240115,20~30만원 미만,10만원 이상,10만원 이상,1만원 미만,1만원 미만,1만원 미만,1만원 미만,충청남도,서천군,3명,3박 4일,M,30대,미혼,미혼,사무/기술직,700만원 이상
53362287,20240115,40만원 이상,10만원 이상,10만원 이상,7~10만원 미만,1~3만원 미만,3~5만원 미만,1~3만원 미만,강원도,강릉시/고성군/속초시/평창군,3명,3박 4일,M,50대,기혼,자녀 성인(막내 대학),경영/관리/전문직,500~700만원 미만
53362359,20240115,20~30만원 미만,10만원 이상,5~7만원 미만,5~7만원 미만,1만원 미만,1만원 미만,5~7만원 미만,경상남도,거제시,5명 이상,1박 2일,F,50대,미혼,미혼,기타/무직,300~500만원 미만
53362365,20240115,모름,모름,모름,모름,모름,모름,모름,충청북도,제천시,4명,3박 4일,M,40대,기혼,자녀 유아&성장(막내 입학전~초등생),사무/기술직,300~500만원 미만
53362890,20240115,40만원 이상,10만원 이상,10만원 이상,10만원 이상,1만원 미만,1만원 미만,10만원 이상,강원도,고성군,3명,2박 3일,F,50대,기혼,자녀 성인(막내 대학),전업주부,모름
53363364,20240115,40만원 이상,10만원 이상,10만원 이상,10만원 이상,5~7만원 미만,10만원 이상,1만원 미만,충청북도,단양군/충주시(구 청원군 포함),4명,모름,M,40대,기혼,자녀 성장(막내 중고생),기타/무직,700만원 이상
53363537,20240115,20~30만원 미만,1만원 미만,7~10만원 미만,7~10만원 미만,3~5만원 미만,1~3만원 미만,1만원 미만,강원도,철원군,2명,4박 5일,M,30대,미혼,미혼,사무/기술직,700만원 이상
53363582,20240115,20~30만원 미만,5~7만원 미만,3~5만원 미만,5~7만원 미만,3~5만원 미만,3~5만원 미만,1만원 미만,전라남도,여수시,4명,1박 2일,F,20대,미혼,미혼,사무/기술직,300만원 미만
53363749,20240115,40만원 이상,10만원 이상,10만원 이상,10만원 이상,1만원 미만,10만원 이상,1만원 미만,전라남도,영광군,2명,2박 3일,M,50대,기혼,자녀 성인(막내 대학),기능/숙련/일반작업직,300~500만원 미만
53364176,20240115,20~30만원 미만,5~7만원 미만,5~7만원 미만,1~3만원 미만,1만원 미만,5~7만원 미만,1만원 미만,서울시,모름,4명,1박 2일,F,40대,기혼,자녀 성장(막내 중고생),사무/기술직,700만원 이상
53364492,20240115,10~20만원 미만,3~5만원 미만,1~3만원 미만,1~3만원 미만,1만원 미만,1~3만원 미만,1만원 미만,강원도,강릉시,5명 이상,3박 4일,M,40대,기혼,자녀 유아&성장(막내 입학전~초등생),사무/기술직,700만원 이상
53364516,20240115,20~30만원 미만,5~7만원 미만,5~7만원 미만,5~7만원 미만,1만원 미만,5~7만원 미만,1만원 미만,서울시,모름,2명,2박 3일,M,60대 이상,기혼,신혼기(자녀 없음),사무/기술직,300~500만원 미만
53364969,20240115,10~20만원 미만,5~7만원 미만,5~7만원 미만,1만원 미만,1만원 미만,1만원 미만,1만원 미만,전라북도,장수군,4명,1박 2일,M,40대,기혼,자녀 유아&성장(막내 입학전~초등생),사무/기술직,500~700만원 미만
53365191,20240115,10~20만원 미만,1만원 미만,5~7만원 미만,5~7만원 미만,1만원 미만,1만원 미만,1만원 미만,전라남도,여수시,4명,1박 2일,F,20대,미혼,미혼,대학/대학원생,700만원 이상
53365353,20240115,10~20만원 미만,3~5만원 미만,3~5만원 미만,1~3만원 미만,1~3만원 미만,1~3만원 미만,1만원 미만,경상북도,경주시,4명,1박 2일,F,50대,기혼,자녀 유아&성장(막내 입학전~초등생),자영업,500~700만원 미만
53365448,20240115,10~20만원 미만,1~3만원 미만,5~7만원 미만,1~3만원 미만,1만원 미만,1~3만원 미만,1만원 미만,강원도,강릉시,3명,1박 2일,F,40대,기혼,자녀 유아&성장(막내 입학전~초등생),사무/기술직,700만원 이상
53365512,20240115,모름,모름,모름,모름,모름,모름,모름,강원도,속초시/양구군/인제군/철원군/춘천시/홍천군,4명,5박 6일,M,30대,기혼,자녀 유아&성장(막내 입학전~초등생),사무/기술직,700만원 이상
53365985,20240115,10~20만원 미만,3~5만원 미만,3~5만원 미만,1만원 미만,1만원 미만,3~5만원 미만,1~3만원 미만,강원도,홍천군,4명,6박 7일 이상,F,40대,기혼,자녀 유아&성장(막내 입학전~초등생),전업주부,300~500만원 미만
53366015,20240115,20~30만원 미만,1만원 미만,10만원 이상,1~3만원 미만,1만원 미만,1만원 미만,7~10만원 미만,전라남도,순천시,2명,1박 2일,F,40대,기혼,자녀 유아&성장(막내 입학전~초등생),전업주부,500~700만원 미만
53366433,20240115,모름,모름,모름,모름,모름,모름,모름,경기도,양평군,2명,1박 2일,M,50대,기혼,자녀 성인(막내 대학),사무/기술직,700만원 이상
53366685,20240115,10~20만원 미만,3~5만원 미만,1~3만원 미만,1만원 미만,1만원 미만,5~7만원 미만,1만원 미만,강원도,정선군,5명 이상,1박 2일,M,50대,기혼,자녀 성인(막내 대학),사무/기술직,700만원 이상
53367053,20240115,모름,모름,모름,모름,모름,모름,모름,울산시,모름,5명 이상,1박 2일,F,50대,기혼,자녀 성인(막내 대학),기타/무직,700만원 이상
53367230,20240115,30~40만원 미만,1만원 미만,10만원 이상,1만원 미만,1만원 미만,1만원 미만,1만원 미만,전라북도,남원시,5명 이상,1박 2일,M,60대 이상,기혼,자녀 성인(막내 대학),자영업,300~500만원 미만
53367289,20240115,모름,모름,모름,모름,모름,모름,모름,제주도,구체적인 지역 모름,모름,2박 3일,F,60대 이상,기혼,자녀 독립(막내 결혼),전업주부,300~500만원 미만
53367358,20240115,10~20만원 미만,1만원 미만,10만원 이상,1~3만원 미만,1~3만원 미만,1~3만원 미만,1만원 미만,강원도,고성군,2명,1박 2일,F,50대,기혼,자녀 성인(막내 대학),사무/기술직,500~700만원 미만
53367431,20240115,40만원 이상,10만원 이상,10만원 이상,10만원 이상,1만원 미만,10만원 이상,1만원 미만,제주도,구체적인 지역 모름,4명,3박 4일,F,40대,기혼,자녀 성장(막내 중고생),전업주부,300~500만원 미만
53367631,20240115,40만원 이상,1만원 미만,10만원 이상,10만원 이상,10만원 이상,1만원 미만,3~5만원 미만,부산시,모름,혼자서,3박 4일,M,60대 이상,기혼,자녀 성인(막내 대학),기타/무직,500~700만원 미만
53367695,20240115,10~20만원 미만,3~5만원 미만,3~5만원 미만,1~3만원 미만,1만원 미만,1~3만원 미만,1만원 미만,충청남도,보령시,4명,2박 3일,F,30대,기혼,자녀 유아&성장(막내 입학전~초등생),전업주부,300~500만원 미만
53367726,20240115,10~20만원 미만,3~5만원 미만,5~7만원 미만,1~3만원 미만,1만원 미만,1만원 미만,1만원 미만,광주시,모름,2명,3박 4일,M,60대 이상,기혼,자녀 성인(막내 대학),사무/기술직,500~700만원 미만
53367745,20240115,10만원 미만,3~5만원 미만,3~5만원 미만,1만원 미만,1만원 미만,1만원 미만,1만원 미만,충청남도,천안시,4명,1박 2일,M,50대,기혼,자녀 성인(막내 대학),자영업,300~500만원 미만
53368117,20240115,40만원 이상,10만원 이상,10만원 이상,5~7만원 미만,1만원 미만,1만원 미만,1만원 미만,강원도,춘천시,2명,1박 2일,F,50대,기혼,자녀 성인(막내 대학),판매/서비스직,700만원 이상
53368391,20240115,10~20만원 미만,3~5만원 미만,3~5만원 미만,3~5만원 미만,1만원 미만,1만원 미만,1만원 미만,충청남도,보령시,2명,1박 2일,M,30대,기혼,신혼기(자녀 없음),사무/기술직,300~500만원 미만
53368617,20240115,40만원 이상,7~10만원 미만,10만원 이상,10만원 이상,1만원 미만,1만원 미만,1만원 미만,전라남도,무안군,5명 이상,3박 4일,F,60대 이상,기혼,자녀 성인(막내 대학),전업주부,500~700만원 미만
53368727,20240115,40만원 이상,10만원 이상,10만원 이상,10만원 이상,5~7만원 미만,5~7만원 미만,10만원 이상,경상남도,남해군,2명,3박 4일,M,50대,기혼,자녀 성인(막내 대학),사무/기술직,700만원 이상
53368870,20240115,40만원 이상,10만원 이상,10만원 이상,5~7만원 미만,1만원 미만,5~7만원 미만,1만원 미만,강원도,강릉시,2명,3박 4일,M,30대,미혼,미혼,사무/기술직,300~500만원 미만
53368966,20240115,10~20만원 미만,5~7만원 미만,7~10만원 미만,1~3만원 미만,1만원 미만,1만원 미만,1만원 미만,강원도,홍천군,5명 이상,1박 2일,F,50대,기혼,자녀 성인(막내 대학),전업주부,700만원 이상
53369066,20240115,40만원 이상,10만원 이상,1만원 미만,10만원 이상,10만원 이상,1만원 미만,1만원 미만,제주도,구좌읍/서귀포시(시내동)/애월읍,3명,3박 4일,F,60대 이상,기혼,자녀 독립(막내 결혼),기능/숙련/일반작업직,300만원 미만
53369153,20240115,10만원 미만,1~3만원 미만,1~3만원 미만,1~3만원 미만,1만원 미만,1만원 미만,1만원 미만,부산시,모름,3명,2박 3일,M,20대,미혼,미혼,자영업,700만원 이상
53369166,20240115,10~20만원 미만,10만원 이상,1만원 미만,1~3만원 미만,1만원 미만,1만원 미만,1만원 미만,부산시,모름,3명,2박 3일,M,30대,기혼,자녀 유아&성장(막내 입학전~초등생),사무/기술직,500~700만원 미만
53369265,20240115,10만원 미만,1만원 미만,1~3만원 미만,3~5만원 미만,1만원 미만,1~3만원 미만,1만원 미만,전라북도,전주시,3명,2박 3일,M,30대,기혼,자녀 유아&성장(막내 입학전~초등생),사무/기술직,300~500만원 미만
53369274,20240115,모름,모름,모름,모름,모름,모름,모름,충청남도,보령시,4명,1박 2일,M,60대 이상,미혼,미혼,사무/기술직,300만원 미만
53369843,20240115,20~30만원 미만,3~5만원 미만,5~7만원 미만,1만원 미만,1만원 미만,10만원 이상,1만원 미만,서울시,모름,5명 이상,1박 2일,F,40대,기혼,자녀 성장(막내 중고생),기타/무직,500~700만원 미만
53370179,20240115,10~20만원 미만,5~7만원 미만,5~7만원 미만,5~7만원 미만,1만원 미만,1만원 미만,1만원 미만,부산시,모름,4명,2박 3일,M,20대,미혼,미혼,대학/대학원생,300~500만원 미만
53370222,20240115,10~20만원 미만,3~5만원 미만,3~5만원 미만,3~5만원 미만,1만원 미만,1만원 미만,1만원 미만,충청남도,세종특별자치시,5명 이상,1박 2일,M,50대,기혼,자녀 성인(막내 대학),판매/서비스직,700만원 이상
53370486,20240115,40만원 이상,10만원 이상,7~10만원 미만,1만원 미만,1만원 미만,10만원 이상,1만원 미만,전라북도,무주군,4명,2박 3일,M,20대,미혼,미혼,대학/대학원생,모름
53370508,20240115,40만원 이상,10만원 이상,10만원 이상,10만원 이상,10만원 이상,10만원 이상,1만원 미만,제주도,성산읍/애월읍,4명,4박 5일,M,30대,기혼,자녀 유아&성장(막내 입학전~초등생),자영업,700만원 이상
53370911,20240115,10~20만원 미만,3~5만원 미만,3~5만원 미만,1~3만원 미만,1~3만원 미만,1~3만원 미만,1만원 미만,전라남도,곡성군/광양시/구례군/나주시/담양군/장성군,3명,1박 2일,F,40대,기혼,자녀 유아&성장(막내 입학전~초등생),사무/기술직,500~700만원 미만
53370970,20240115,10~20만원 미만,10만원 이상,1~3만원 미만,1~3만원 미만,1만원 미만,1~3만원 미만,1~3만원 미만,충청북도,충주시(구 청원군 포함),4명,1박 2일,M,40대,기혼,자녀 유아&성장(막내 입학전~초등생),사무/기술직,300만원 미만
53371047,20240115,모름,모름,모름,모름,모름,모름,모름,강원도,강릉시/고성군/속초시/양양군,2명,3박 4일,M,30대,미혼,미혼,사무/기술직,300~500만원 미만
53371186,20240115,20~30만원 미만,10만원 이상,10만원 이상,1만원 미만,1만원 미만,1만원 미만,1만원 미만,서울시,모름,3명,1박 2일,F,30대,기혼,자녀 유아&성장(막내 입학전~초등생),전업주부,500~700만원 미만
53371300,20240115,20~30만원 미만,1만원 미만,10만원 이상,1~3만원 미만,1~3만원 미만,7~10만원 미만,1만원 미만,전라남도,순천시/여수시,4명,3박 4일,M,60대 이상,기혼,자녀 성인(막내 대학),경영/관리/전문직,500~700만원 미만
53371658,20240115,10~20만원 미만,3~5만원 미만,5~7만원 미만,1만원 미만,1만원 미만,1만원 미만,7~10만원 미만,강원도,고성군,5명 이상,1박 2일,M,60대 이상,기혼,자녀 성인(막내 대학),자영업,500~700만원 미만
53371926,20240115,30~40만원 미만,5~7만원 미만,5~7만원 미만,10만원 이상,1만원 미만,1만원 미만,10만원 이상,강원도,강릉시/고성군/동해시/속초시/양구군/인제군/정선군/철원군/춘천시/태백시/평창군/화천군,2명,1박 2일,M,60대 이상,기혼,자녀 성인(막내 대학),기능/숙련/일반작업직,300~500만원 미만
53372195,20240115,10~20만원 미만,5~7만원 미만,5~7만원 미만,3~5만원 미만,1만원 미만,1만원 미만,1만원 미만,전라남도,순천시,2명,1박 2일,M,50대,기혼,자녀 독립(막내 결혼),기능/숙련/일반작업직,700만원 이상
53372433,20240115,30~40만원 미만,10만원 이상,7~10만원 미만,3~5만원 미만,1만원 미만,3~5만원 미만,1만원 미만,서울시,모름,3명,1박 2일,F,20대,미혼,미혼,기타/무직,700만원 이상
53372678,20240115,20~30만원 미만,3~5만원 미만,5~7만원 미만,7~10만원 미만,1만원 미만,7~10만원 미만,1만원 미만,부산시,모름,2명,1박 2일,F,30대,미혼,미혼,사무/기술직,500~700만원 미만
53373857,20240115,20~30만원 미만,10만원 이상,10만원 이상,5~7만원 미만,1만원 미만,1만원 미만,1만원 미만,제주도,성산읍/애월읍/표선면,3명,3박 4일,M,40대,기타,자녀 성장(막내 중고생),자영업,700만원 이상
53374031,20240115,10~20만원 미만,7~10만원 미만,1~3만원 미만,1만원 미만,1만원 미만,1만원 미만,1만원 미만,인천시,모름,2명,1박 2일,M,30대,기혼,신혼기(자녀 없음),사무/기술직,500~700만원 미만
53374152,20240115,30~40만원 미만,1만원 미만,10만원 이상,10만원 이상,1만원 미만,5~7만원 미만,1만원 미만,부산시,모름,2명,1박 2일,F,50대,기혼,자녀 성인(막내 대학),전업주부,700만원 이상
53374213,20240115,10~20만원 미만,3~5만원 미만,7~10만원 미만,1~3만원 미만,1만원 미만,1만원 미만,1만원 미만,강원도,속초시,3명,1박 2일,F,60대 이상,기혼,자녀 성인(막내 대학),전업주부,300~500만원 미만
53374288,20240115,30~40만원 미만,1만원 미만,1만원 미만,10만원 이상,1만원 미만,10만원 이상,1만원 미만,강원도,춘천시,2명,6박 7일 이상,M,20대,미혼,미혼,기능/숙련/일반작업직,300~500만원 미만
53374585,20240115,40만원 이상,10만원 이상,10만원 이상,10만원 이상,5~7만원 미만,5~7만원 미만,1만원 미만,경기도,가평군/의정부시,2명,6박 7일 이상,M,60대 이상,기혼,자녀 성인(막내 대학),자영업,500~700만원 미만
53374856,20240115,10~20만원 미만,5~7만원 미만,5~7만원 미만,1만원 미만,1만원 미만,1만원 미만,1만원 미만,경상남도,거제시,3명,1박 2일,F,30대,기혼,자녀 유아&성장(막내 입학전~초등생),전업주부,500~700만원 미만
53374950,20240115,10~20만원 미만,1만원 미만,3~5만원 미만,1만원 미만,3~5만원 미만,1~3만원 미만,1만원 미만,경상북도,경주시,2명,1박 2일,F,20대,미혼,미혼,판매/서비스직,300~500만원 미만
53375145,20240115,10만원 미만,3~5만원 미만,1~3만원 미만,1~3만원 미만,1만원 미만,1만원 미만,1만원 미만,충청북도,제천시,4명,1박 2일,M,50대,기혼,자녀 성인(막내 대학),사무/기술직,700만원 이상
53375460,20240115,10~20만원 미만,3~5만원 미만,3~5만원 미만,3~5만원 미만,1만원 미만,3~5만원 미만,1만원 미만,전라남도,담양군,2명,1박 2일,M,40대,기혼,신혼기(자녀 없음),기능/숙련/일반작업직,500~700만원 미만
53375483,20240115,10~20만원 미만,7~10만원 미만,3~5만원 미만,3~5만원 미만,1만원 미만,1~3만원 미만,1만원 미만,전라남도,여수시,3명,1박 2일,M,30대,기혼,자녀 유아&성장(막내 입학전~초등생),기능/숙련/일반작업직,500~700만원 미만
53375628,20240115,10만원 미만,3~5만원 미만,1~3만원 미만,1만원 미만,1만원 미만,1만원 미만,1만원 미만,충청남도,공주시/태안군,3명,1박 2일,M,40대,기혼,자녀 유아&성장(막내 입학전~초등생),사무/기술직,300~500만원 미만
53375678,20240115,10만원 미만,1만원 미만,1~3만원 미만,1~3만원 미만,1만원 미만,1~3만원 미만,1~3만원 미만,강원도,영월군,5명 이상,1박 2일,F,40대,기혼,자녀 유아&성장(막내 입학전~초등생),전업주부,500~700만원 미만
53375827,20240115,10~20만원 미만,3~5만원 미만,7~10만원 미만,3~5만원 미만,1만원 미만,1만원 미만,1만원 미만,전라남도,구례군/여수시,2명,1박 2일,M,40대,미혼,미혼,기능/숙련/일반작업직,300~500만원 미만
53375836,20240115,모름,모름,모름,모름,모름,모름,모름,경상북도,경주시/문경시,2명,1박 2일,M,40대,미혼,미혼,사무/기술직,300~500만원 미만
53376122,20240115,10~20만원 미만,3~5만원 미만,3~5만원 미만,3~5만원 미만,1만원 미만,1만원 미만,1만원 미만,강원도,강릉시,4명,1박 2일,M,50대,기혼,자녀 성인(막내 대학),경영/관리/전문직,700만원 이상
53376236,20240115,20~30만원 미만,1만원 미만,10만원 이상,5~7만원 미만,1~3만원 미만,3~5만원 미만,1만원 미만,부산시,모름,3명,3박 4일,F,20대,미혼,미혼,기타/무직,모름
53376521,20240115,20~30만원 미만,1만원 미만,5~7만원 미만,1~3만원 미만,5~7만원 미만,10만원 이상,1만원 미만,강원도,평창군,5명 이상,1박 2일,M,20대,미혼,미혼,대학/대학원생,300~500만원 미만
53376788,20240115,10만원 미만,5~7만원 미만,1~3만원 미만,1만원 미만,1만원 미만,1만원 미만,1만원 미만,서울시,모름,4명,1박 2일,F,20대,미혼,미혼,기타/무직,500~700만원 미만
53376952,20240115,20~30만원 미만,1~3만원 미만,10만원 이상,1만원 미만,1만원 미만,5~7만원 미만,1만원 미만,강원도,고성군,2명,1박 2일,M,60대 이상,기혼,자녀 성인(막내 대학),판매/서비스직,모름
53377093,20240115,10~20만원 미만,5~7만원 미만,3~5만원 미만,3~5만원 미만,1~3만원 미만,1~3만원 미만,1만원 미만,충청남도,아산시,2명,1박 2일,M,60대 이상,기혼,자녀 독립(막내 결혼),기타/무직,500~700만원 미만
53377524,20240115,30~40만원 미만,1만원 미만,10만원 이상,10만원 이상,1만원 미만,10만원 이상,1만원 미만,강원도,동해시,3명,2박 3일,F,60대 이상,기혼,자녀 성인(막내 대학),기타/무직,300~500만원 미만
70732,20240115,40만원 이상,5~7만원 미만,10만원 이상,10만원 이상,5~7만원 미만,5~7만원 미만,1만원 미만,부산시,모름,2명,1박 2일,F,50대,기혼,자녀 성인(막내 대학),경영/관리/전문직,700만원 이상
